C.沃林顿,斯莱特林魁地奇球队,从属
C.沃林顿,调查行动组,从属
C.沃林顿,霍格沃茨魔法学校,从属
乌尔苏拉·弗林特,卡莉朵拉·布莱克,孙女
乌尔苏拉·弗林特,卡西欧佩娅·布莱克,孙女
乌尔苏拉·弗林特,塞德瑞拉·布莱克,孙女
乌尔苏拉·弗林特,多瑞娅·布莱克,孙女
乌尔苏拉·弗林特,天狼星·布莱克二世,儿子
乌尔苏拉·弗林特,布莱克家族,从属
乌尔苏拉·弗林特,帕勒克斯·布莱克,孙子
乌尔苏拉·弗林特,弗林特家族,从属
乌尔苏拉·弗林特,查莉丝·布莱克,孙女
乌尔苏拉·弗林特,莱克里丝·布莱克,孙女
乌尔苏拉·弗林特,菲尼亚斯·奈杰勒斯·布莱克,丈夫
乌尔苏拉·弗林特,菲尼亚斯·布莱克,儿子
乌尔苏拉·弗林特,西格纳斯·布莱克二世,儿子
乌尔苏拉·弗林特,贝尔维娜·布莱克,女儿
乌尔苏拉·弗林特,阿克图勒斯·布莱克三世,孙子
乌尔苏拉·弗林特,阿克图勒斯·布莱克二世,儿子
乌尔苏拉·弗林特,雷古勒斯·布莱克一世,孙子
乌尔苏拉·弗林特,马里厄斯·布莱克,孙子
乔治·韦斯莱,亚瑟·韦斯莱,父亲
乔治·韦斯莱,凤凰社,从属
乔治·韦斯莱,吉迪翁·普威特,舅舅
乔治·韦斯莱,哈利·波特,妹夫
乔治·韦斯莱,塞德瑞拉·布莱克,祖母
乔治·韦斯莱,塞德里克·迪戈里,同门
乔治·韦斯莱,塞普蒂默斯·韦斯莱,祖父
乔治·韦斯莱,奥黛丽·韦斯莱,嫂子
乔治·韦斯莱,安吉利娜·约翰逊,妻子
乔治·韦斯莱,弗雷德·韦斯莱,双胞胎哥哥
乔治·韦斯莱,弗雷德·韦斯莱二世,儿子
乔治·韦斯莱,普威特先生,外祖父
乔治·韦斯莱,普威特夫人,外祖母
乔治·韦斯莱,普威特家族,从属
乔治·韦斯莱,查理·韦斯莱,哥哥
乔治·韦斯莱,格兰芬多学院,从属
乔治·韦斯莱,格兰芬多魁地奇球队,从属
乔治·韦斯莱,比利尔斯,叔叔
乔治·韦斯莱,比尔·韦斯莱,哥哥
乔治·韦斯莱,珀西·韦斯莱,哥哥
乔治·韦斯莱,纳威·隆巴顿,同门
乔治·韦斯莱,罗克珊·韦斯莱,女儿
乔治·韦斯莱,罗恩·韦斯莱,弟弟
乔治·韦斯莱,芙蓉·德拉库尔,嫂子
乔治·韦斯莱,莫丽·韦斯莱,母亲
乔治·韦斯莱,莱姆斯·卢平,学生
乔治·韦斯莱,费比安·普威特,舅舅
乔治·韦斯莱,赫敏·格兰杰,弟媳
乔治·韦斯莱,邓布利多军,从属
乔治·韦斯莱,金妮·韦斯莱,妹妹
乔治·韦斯莱,阿拉斯托·穆迪,学生
乔治·韦斯莱,霍格沃茨魔法学校,从属
乔治·韦斯莱,韦斯莱家族,从属
乔治·韦斯莱,韦斯莱魔法把戏坊,从属
乔治三世,亨利七世,祖先
乔治三世,威廉一世,祖先
乔治三世,维多利亚,孙女
于盖特·佩罗,佩罗家族,从属
于盖特·佩罗,克拉里斯·特朗布莱,远房表姐妹
于盖特·佩罗,塞巴斯蒂安·佩罗,父亲
于盖特·佩罗,奥迪勒·佩罗,姐姐
于盖特·佩罗,法尔科·特朗布莱,远房表兄弟
于盖特·佩罗,洛雷勒·佩罗,妹妹
于盖特·佩罗,玛农·莱斯特兰奇,母亲
于盖特·佩罗,科沃斯·莱斯特兰奇三世,外祖父
于盖特·佩罗,科沃斯·莱斯特兰奇四世,表兄弟
于盖特·佩罗,米内特·罗齐尔,外祖母
于盖特·佩罗,莱斯特兰奇家族,从属
于盖特·佩罗,路易·盖奇,表兄弟
于盖特·佩罗,马蒂斯·盖奇,表兄弟
亚伯拉罕·波特,哈利·波特,远亲
亚伯拉罕·波特,波特家族,从属
亚伯拉罕·波特,美国魔法国会,从属
亚伯拉罕·波特,詹姆·波特,远亲
亚瑟·韦斯莱,乔治·韦斯莱,儿子
亚瑟·韦斯莱,伪劣防御咒及防护用品侦查收缴办公室,从属
亚瑟·韦斯莱,伪劣防御咒及防护用品侦查收缴办公室主任,职业
亚瑟·韦斯莱,凤凰社,从属
亚瑟·韦斯莱,吉迪翁·普威特,大舅子
亚瑟·韦斯莱,哈利·波特,女婿
亚瑟·韦斯莱,塞德瑞拉·布莱克,母亲
亚瑟·韦斯莱,塞普蒂默斯·韦斯莱,父亲
亚瑟·韦斯莱,多米尼克·韦斯莱,孙女
亚瑟·韦斯莱,奥黛丽·韦斯莱,儿媳
亚瑟·韦斯莱,安吉利娜·约翰逊,儿媳
亚瑟·韦斯莱,弗雷德·韦斯莱,儿子
亚瑟·韦斯莱,弗雷德·韦斯莱二世,孙子
亚瑟·韦斯莱,普威特先生,岳父
亚瑟·韦斯莱,普威特夫人,岳母
亚瑟·韦斯莱,普威特家族,从属
亚瑟·韦斯莱,查理·韦斯莱,儿子
亚瑟·韦斯莱,格兰芬多学院,从属
亚瑟·韦斯莱,比利尔斯,兄弟或舅子
亚瑟·韦斯莱,比尔·韦斯莱,儿子
亚瑟·韦斯莱,波特家族,从属
亚瑟·韦斯莱,珀西·韦斯莱,儿子
亚瑟·韦斯莱,禁止滥用麻瓜物品办公室,从属
亚瑟·韦斯莱,禁止滥用麻瓜物品办公室主任,职业
亚瑟·韦斯莱,穆丽尔,姨岳母
亚瑟·韦斯莱,维克托娃·韦斯莱,孙女
亚瑟·韦斯莱,罗丝·韦斯莱,孙女
亚瑟·韦斯莱,罗克珊·韦斯莱,孙女
亚瑟·韦斯莱,罗恩·韦斯莱,儿子
亚瑟·韦斯莱,芙蓉·德拉库尔,儿媳
亚瑟·韦斯莱,英国魔法部,从属
亚瑟·韦斯莱,莉莉·卢娜·波特,外孙女
亚瑟·韦斯莱,莫丽·韦斯莱,妻子
亚瑟·韦斯莱,莫丽·韦斯莱二世,孙女
亚瑟·韦斯莱,莱桑德拉·亚克斯利,外祖母
亚瑟·韦斯莱,詹姆·小天狼星·波特,外孙
亚瑟·韦斯莱,费比安·普威特,大舅子
亚瑟·韦斯莱,赫敏·格兰杰,儿媳
亚瑟·韦斯莱,路易·韦斯莱,孙子
亚瑟·韦斯莱,金妮·韦斯莱,女儿
亚瑟·韦斯莱,阿不思·西弗勒斯·波特,外孙
亚瑟·韦斯莱,阿克图勒斯·布莱克二世,外祖父
亚瑟·韦斯莱,雨果·韦斯莱,孙子
亚瑟·韦斯莱,霍格沃茨魔法学校,从属
亚瑟·韦斯莱,露西·韦斯莱,孙女
亚瑟·韦斯莱,韦斯莱家族,从属
亚瑟·韦斯莱,魔法法律执行司,从属
亚里斯多德·十二树,十二树家庭,从属
亚里斯多德·十二树,美国魔法国会,从属
亨利·波特,威森加摩,从属
亨利·波特,尤菲米娅·波特,儿媳
亨利·波特,弗利蒙·波特,儿子
亨利·波特,波特夫人，原姓弗利蒙,母亲
亨利·波特,波特家族,从属
亨利·波特,詹姆·波特,孙子
亨利七世,亨利八世,儿子
亨利七世,伊丽莎白一世,孙女
亨利七世,威廉一世,祖先
亨利七世,威廉三世,后裔
亨利七世,安妮·博林,儿媳
亨利七世,玛丽一世,孙女
亨利七世,玛丽二世,后裔
亨利八世,亨利七世,父亲
亨利八世,伊丽莎白一世,女儿
亨利八世,威廉一世,祖先
亨利八世,安妮·博林,第二任妻子
亨利八世,玛丽一世,女儿
亨利六世,威廉一世,祖先
伊万斯姐妹的父亲,伊万斯夫人,妻子
伊万斯姐妹的父亲,佩妮·伊万斯,女儿
伊万斯姐妹的父亲,哈利·波特,外孙
伊万斯姐妹的父亲,弗农·德思礼,女婿
伊万斯姐妹的父亲,莉莉·伊万斯,女儿
伊万斯姐妹的父亲,詹姆·波特,女婿
伊万斯姐妹的父亲,达力·德思礼,外孙
伊万杰琳·奥平顿,英国魔法部,从属
伊丽莎白一世,亨利八世,父亲
伊丽莎白一世,威廉一世,祖先
伊丽莎白一世,安妮·博林,母亲
伊丽莎白一世,爱尔兰,从属
伊丽莎白一世,玛丽一世,同父异母姐姐
伊丽莎白一世,英格兰,从属
伊丽莎白一世,都铎家族,从属
伊尔玛·克拉布,克拉布家族,从属
伊尔玛·克拉布,奥赖恩·布莱克,女婿
伊尔玛·克拉布,安多米达·唐克斯,孙女
伊尔玛·克拉布,小天狼星·布莱克,外孙
伊尔玛·克拉布,布莱克家族,从属
伊尔玛·克拉布,帕勒克斯·布莱克,丈夫
伊尔玛·克拉布,德鲁埃拉·罗齐尔,儿媳
伊尔玛·克拉布,沃尔布加·布莱克,女儿
伊尔玛·克拉布,纳西莎·马尔福,孙女
伊尔玛·克拉布,维奥莱塔·伯斯德,婆婆
伊尔玛·克拉布,西格纳斯·布莱克三世,儿子
伊尔玛·克拉布,西格纳斯·布莱克二世,公公
伊尔玛·克拉布,贝拉特里克斯·莱斯特兰奇,孙女
伊尔玛·克拉布,阿尔法德·布莱克,儿子
伊尔玛·克拉布,雷古勒斯·布莱克,外孙
伊格内修斯·普威特,亚瑟·韦斯莱,侄女婿
伊格内修斯·普威特,卢克丽霞·布莱克,妻子
伊格内修斯·普威特,吉迪翁·普威特,侄子
伊格内修斯·普威特,奥赖恩·布莱克,内弟
伊格内修斯·普威特,小天狼星·布莱克,侄子
伊格内修斯·普威特,布莱克家族,从属
伊格内修斯·普威特,普威特先生,兄弟
伊格内修斯·普威特,普威特夫人,嫂子
伊格内修斯·普威特,普威特家族,从属
伊格内修斯·普威特,梅拉尼娅·麦克米兰,岳母
伊格内修斯·普威特,穆丽尔,可能为姐妹
伊格内修斯·普威特,莫丽·韦斯莱,侄女
伊格内修斯·普威特,费比安·普威特,侄子
伊格内修斯·普威特,阿克图勒斯·布莱克三世,岳父
伊格内修斯·普威特,雷古勒斯·布莱克,侄子
伊格内修斯·普威特,韦斯莱家族,从属
伊格内修斯·普威特,韦斯莱家的孩子,侄孙
伊格诺图斯·佩弗利尔,佩弗利尔家族,从属
伊格诺图斯·佩弗利尔,儿子,儿子
伊格诺图斯·佩弗利尔,卡德摩斯·佩弗利尔,哥哥
伊格诺图斯·佩弗利尔,哈利·波特,后裔
伊格诺图斯·佩弗利尔,安提俄克·佩弗利尔,哥哥
伊格诺图斯·佩弗利尔,弗利蒙·波特,后裔
伊格诺图斯·佩弗利尔,死亡圣器,从属
伊格诺图斯·佩弗利尔,至少一个女性后裔,至少一个女性后裔
伊格诺图斯·佩弗利尔,莉莉·卢娜·波特,后裔
伊格诺图斯·佩弗利尔,詹姆·小天狼星·波特,后裔
伊格诺图斯·佩弗利尔,詹姆·波特,后裔
伊格诺图斯·佩弗利尔,阿不思·西弗勒斯·波特,后裔
伊索特·塞耶,伊尔弗莫尼魔法学校,从属
伊索特·塞耶,塞耶家族,从属
伊索特·塞耶,威廉·塞耶,父亲
伊索特·塞耶,斯图尔特家族,从属
伊索特·塞耶,查威克·布特,养子
伊索特·塞耶,玛莎·斯图尔特二世,女儿
伊索特·塞耶,莫瑞根,父系祖先
伊索特·塞耶,萨拉查·斯莱特林,母系祖先
伊索特·塞耶,葛姆蕾·冈特,姨妈
伊索特·塞耶,詹姆·斯图尔特,丈夫
伊索特·塞耶,雷欧娜·塞耶,母亲
伊索特·塞耶,雷欧娜·斯图尔特,女儿
伊索特·塞耶,韦伯·布特,养子
伍德克罗夫特的汉吉斯,霍格莫德村,从属
伯纳德·特朗布莱,克拉里斯·特朗布莱,女儿
伯纳德·特朗布莱,埃格朗蒂纳·莱斯特兰奇,大姨子
伯纳德·特朗布莱,法尔科·特朗布莱,儿子
伯纳德·特朗布莱,法尔科·莱斯特兰奇,岳父
伯纳德·特朗布莱,特朗布莱家族,从属
伯纳德·特朗布莱,科沃斯·莱斯特兰奇五世,外孙
伯纳德·特朗布莱,科沃斯·莱斯特兰奇四世,内甥
伯纳德·特朗布莱,莱奥妮·莱斯特兰奇,妻子
伯纳德·特朗布莱,莱斯特兰奇家族,从属
伯纳德·特朗布莱,萨洛梅·沃朗,岳母
佩内洛·克里瓦特,克里瓦特家族,从属
佩内洛·克里瓦特,拉文克劳,从属
佩内洛·克里瓦特,霍格沃茨魔法学校,从属
佩妮·伊万斯,伊万斯先生,父亲
佩妮·伊万斯,伊万斯夫人,母亲
佩妮·伊万斯,伊万斯家庭,从属
佩妮·伊万斯,哈利·波特,外甥
佩妮·伊万斯,家庭主妇,职业
佩妮·伊万斯,弗农·德思礼,丈夫
佩妮·伊万斯,德思礼夫人,儿媳
佩妮·伊万斯,德思礼夫人,婆婆
佩妮·伊万斯,德思礼家庭,从属
佩妮·伊万斯,格朗宁公司的上班族,职业
佩妮·伊万斯,玛姬·德思礼,大姑
佩妮·伊万斯,莉莉·伊万斯,妹妹
佩妮·伊万斯,莉莉·卢娜·波特,外甥孙女
佩妮·伊万斯,詹姆·小天狼星·波特,外甥孙
佩妮·伊万斯,詹姆·波特,妹夫
佩妮·伊万斯,达力·德思礼,儿子
佩妮·伊万斯,金妮·韦斯莱,外甥媳婦
佩妮·伊万斯,阿不思·西弗勒斯·波特,外甥孙
佩妮·德思礼,伊万斯先生,父亲
佩妮·德思礼,伊万斯夫人,母亲
佩妮·德思礼,伊万斯家庭,从属
佩妮·德思礼,哈利·波特,外甥
佩妮·德思礼,家庭主妇,职业
佩妮·德思礼,弗农·德思礼,丈夫
佩妮·德思礼,德思礼夫人,儿媳
佩妮·德思礼,德思礼夫人,婆婆
佩妮·德思礼,德思礼家庭,从属
佩妮·德思礼,格朗宁公司的上班族,职业
佩妮·德思礼,玛姬·德思礼,大姑
佩妮·德思礼,莉莉·伊万斯,妹妹
佩妮·德思礼,莉莉·卢娜·波特,外甥孙女
佩妮·德思礼,詹姆·小天狼星·波特,外甥孙
佩妮·德思礼,詹姆·波特,妹夫
佩妮·德思礼,达力·德思礼,儿子
佩妮·德思礼,金妮·韦斯莱,外甥媳婦
佩妮·德思礼,阿不思·西弗勒斯·波特,外甥孙
克拉里斯·特朗布莱,伯纳德·特朗布莱,父亲
克拉里斯·特朗布莱,埃格朗蒂纳·莱斯特兰奇,大姨
克拉里斯·特朗布莱,法尔科·特朗布莱,弟弟
克拉里斯·特朗布莱,法尔科·莱斯特兰奇,外祖父
克拉里斯·特朗布莱,特朗布莱家族,从属
克拉里斯·特朗布莱,科沃斯·莱斯特兰奇五世,儿子
克拉里斯·特朗布莱,科沃斯·莱斯特兰奇四世,丈夫
克拉里斯·特朗布莱,莉塔·莱斯特兰奇,继女
克拉里斯·特朗布莱,莱奥妮·莱斯特兰奇,母亲
克拉里斯·特朗布莱,莱斯特兰奇家族,从属
克拉里斯·特朗布莱,萨洛梅·沃朗,外祖母
克莱登斯·巴瑞波恩,卡斯提蒂·巴瑞波恩,义妹
克莱登斯·巴瑞波恩,巴瑞波恩家族,从属
克莱登斯·巴瑞波恩,玛丽·卢·巴瑞波恩,养母
克莱登斯·巴瑞波恩,盖勒特·格林德沃,从属
克莱登斯·巴瑞波恩,莫迪丝蒂·巴瑞波恩,义妹
兰登·肖,小亨利·肖,哥哥
兰登·肖,老亨利·肖,父亲
刚度富士·格雷维斯,珀西瓦尔·格雷维斯,后裔
刚度富士·格雷维斯,美国魔法国会,从属
加布丽·德拉库尔,多米尼克·韦斯莱,外甥女
加布丽·德拉库尔,布斯巴顿魔法学院,从属
加布丽·德拉库尔,德拉库尔先生,父亲
加布丽·德拉库尔,德拉库尔家族,从属
加布丽·德拉库尔,比尔·韦斯莱,姐夫
加布丽·德拉库尔,维克托娃·韦斯莱,外甥女
加布丽·德拉库尔,芙蓉·德拉库尔,姐姐
加布丽·德拉库尔,路易·韦斯莱,外甥
加布丽·德拉库尔,阿波琳·德拉库尔,母亲
劳瑞娜·卡玛,尤瑟夫·卡玛,儿子
劳瑞娜·卡玛,科沃斯·莱斯特兰奇,被胁迫
劳瑞娜·卡玛,穆斯塔法·卡玛,第一任丈夫
劳瑞娜·卡玛,莉塔·莱斯特兰奇,女儿
卡斯帕·克劳奇,克劳奇家族,从属
卡斯帕·克劳奇,卡莉朵拉·布莱克,姐姐
卡斯帕·克劳奇,塞德瑞拉·布莱克,姐姐
卡斯帕·克劳奇,布莱克家族,从属
卡斯帕·克劳奇,查莉丝·布莱克,妻子
卡斯帕·克劳奇,莱桑德拉·亚克斯利,岳母
卡斯帕·克劳奇,阿克图勒斯·布莱克二世,岳父
卡斯提蒂·巴瑞波恩,克莱登斯·巴瑞波恩,义兄
卡斯提蒂·巴瑞波恩,巴瑞波恩家族,从属
卡斯提蒂·巴瑞波恩,新塞勒姆慈善协会,从属
卡斯提蒂·巴瑞波恩,玛丽·卢·巴瑞波恩,养母
卡斯提蒂·巴瑞波恩,莫迪丝蒂·巴瑞波恩,义妹
卡洛斯·洛佩兹,美国魔法国会,从属
卡莉朵拉·布莱克,乌尔苏拉·弗林特,祖母
卡莉朵拉·布莱克,亚瑟·韦斯莱,外甥
卡莉朵拉·布莱克,卡斯帕·克劳奇,妹夫
卡莉朵拉·布莱克,哈方·隆巴顿,丈夫
卡莉朵拉·布莱克,塞德瑞拉·布莱克,妹妹
卡莉朵拉·布莱克,塞普蒂默斯·韦斯莱,妹夫
卡莉朵拉·布莱克,天狼星·布莱克二世,伯父
卡莉朵拉·布莱克,布莱克家族,从属
卡莉朵拉·布莱克,查莉丝·布莱克,妹妹
卡莉朵拉·布莱克,莱桑德拉·亚克斯利,母亲
卡莉朵拉·布莱克,菲尼亚斯·奈杰勒斯·布莱克,祖父
卡莉朵拉·布莱克,菲尼亚斯·布莱克,伯父
卡莉朵拉·布莱克,西格纳斯·布莱克二世,叔父
卡莉朵拉·布莱克,贝尔维娜·布莱克,姑妈
卡莉朵拉·布莱克,阿克图勒斯·布莱克二世,父亲
卡莉朵拉·布莱克,隆巴顿家族,从属
卡西欧佩娅·布莱克,伊尔玛·克拉布,嫂子
卡西欧佩娅·布莱克,多瑞娅·布莱克,妹妹
卡西欧佩娅·布莱克,布莱克家族,从属
卡西欧佩娅·布莱克,帕勒克斯·布莱克,哥哥
卡西欧佩娅·布莱克,查勒斯·波特,妹夫
卡西欧佩娅·布莱克,沃尔布加·布莱克,侄女
卡西欧佩娅·布莱克,维奥莱塔·伯斯德,母亲
卡西欧佩娅·布莱克,西格纳斯·布莱克三世,侄子
卡西欧佩娅·布莱克,西格纳斯·布莱克二世,父亲
卡西欧佩娅·布莱克,阿尔法德·布莱克,侄子
卡西欧佩娅·布莱克,霍格沃茨魔法学校,从属
卡西欧佩娅·布莱克,马里厄斯·布莱克,弟弟
卢修斯·马尔福,卢修斯·马尔福一世,祖先
卢修斯·马尔福,安多米达·唐克斯,大姨
卢修斯·马尔福,尼法朵拉·唐克斯,侄女
卢修斯·马尔福,布鲁图斯·马尔福,祖先
卢修斯·马尔福,德拉科·马尔福,儿子
卢修斯·马尔福,德鲁埃拉·布莱克,岳母
卢修斯·马尔福,斯科皮·马尔福,孙子
卢修斯·马尔福,斯莱特林,从属
卢修斯·马尔福,泰德·唐克斯,姐夫
卢修斯·马尔福,纳西莎·布莱克,妻子
卢修斯·马尔福,罗道夫斯·莱斯特兰奇,姐夫
卢修斯·马尔福,西格纳斯·布莱克三世,岳父
卢修斯·马尔福,贝拉特里克斯·莱斯特兰奇,大姨
卢修斯·马尔福,阿布拉克萨斯·马尔福,父亲
卢修斯·马尔福,阿斯托里亚·格林格拉斯,儿媳
卢修斯·马尔福,阿曼德·马尔福,祖先
卢修斯·马尔福,霍格沃茨魔法学校,从属
卢修斯·马尔福,霍格沃茨魔法学校董事会,职业
卢修斯·马尔福,食死徒,从属
卢修斯·马尔福,马尔福家族,从属
卢修斯·马尔福,魔法部,从属
卢修斯·马尔福,魔法部官员,职业
卢修斯·马尔福,鼻涕虫俱乐部,从属
卢克丽霞·布莱克,伊格内修斯·普威特,丈夫
卢克丽霞·布莱克,吉迪翁·普威特,侄子
卢克丽霞·布莱克,天狼星·布莱克二世,祖父
卢克丽霞·布莱克,奥赖恩·布莱克,弟弟
卢克丽霞·布莱克,小天狼星·布莱克,侄子
卢克丽霞·布莱克,布莱克家族,从属
卢克丽霞·布莱克,普威特先生,哥哥
卢克丽霞·布莱克,普威特夫人,嫂子
卢克丽霞·布莱克,普威特家族,从属
卢克丽霞·布莱克,梅拉尼娅·麦克米兰,母亲
卢克丽霞·布莱克,沃尔布加·布莱克,弟媳
卢克丽霞·布莱克,海斯帕·甘普,祖母
卢克丽霞·布莱克,莫丽·韦斯莱,侄女
卢克丽霞·布莱克,莱克里丝·布莱克,阿姨
卢克丽霞·布莱克,费比安·普威特,侄子
卢克丽霞·布莱克,阿克图勒斯·布莱克三世,父亲
卢克丽霞·布莱克,雷古勒斯·布莱克,侄子
卢克丽霞·布莱克,雷古勒斯·布莱克一世,叔叔
卢多·巴格曼,奥托·巴格曼,弟弟
卢多·巴格曼,巴格曼先生,父亲
卢多·巴格曼,巴格曼家庭,从属
卢多·巴格曼,温布恩黄蜂队,从属
卢多·巴格曼,温布恩黄蜂队击球手,职业
卢多·巴格曼,英格兰魁地奇代表队击球手,职业
卢多·巴格曼,魔法体育运动司司长,职业
卢多·巴格曼,魔法部,从属
卢娜·洛夫古德,《唱唱反调》,从属
卢娜·洛夫古德,凤凰社,从属
卢娜·洛夫古德,拉文克劳学院,从属
卢娜·洛夫古德,斯卡曼德家族,从属
卢娜·洛夫古德,波尔蓬蒂娜·斯卡曼德,祖婆
卢娜·洛夫古德,洛夫古德家庭,从属
卢娜·洛夫古德,洛肯·斯卡曼德,儿子
卢娜·洛夫古德,潘多拉·洛夫古德,母亲
卢娜·洛夫古德,纳威·隆巴顿,同门
卢娜·洛夫古德,纽特·斯卡曼德,祖翁
卢娜·洛夫古德,罗夫·斯卡曼德,丈夫
卢娜·洛夫古德,莱桑德·斯卡曼德,儿子
卢娜·洛夫古德,谢诺菲留斯·洛夫古德,父亲
卢娜·洛夫古德,赫敏·格兰杰,同门
卢娜·洛夫古德,邓布利多军,从属
卢娜·洛夫古德,霍格沃茨魔法学校,从属
厄克特,斯莱特林,从属
厄克特,斯莱特林魁地奇球队,从属
厄克特,霍格沃茨魔法学校,从属
厄尼·麦克米兰,安东尼·戈德斯坦,同门
厄尼·麦克米兰,汉娜·艾博,同门
厄尼·麦克米兰,罗恩·韦斯莱,同门
厄尼·麦克米兰,赫奇帕奇,从属
厄尼·麦克米兰,邓布利多军,从属
厄尼·麦克米兰,霍格沃茨魔法学校,从属
厄尼·麦克米兰,麦克米兰家族,从属
厄文·瓦布尔,塞蒂娜·沃贝克,妻子
厄文·瓦布尔,沃贝克先生,岳父
厄文·瓦布尔,沃贝克夫人,岳母
吉德罗·洛哈特,作家,职业
吉德罗·洛哈特,圣芒戈魔法伤病医院,从属
吉德罗·洛哈特,梅林爵士团勋章,从属
吉德罗·洛哈特,洛哈特先生,父亲
吉德罗·洛哈特,洛哈特夫人,母亲
吉德罗·洛哈特,洛哈特家庭,从属
吉德罗·洛哈特,霍格沃茨魔法学校,从属
吉德罗·洛哈特,霍格沃茨魔法学校黑魔法防御术教授,职业
吉德罗·洛哈特,黑魔法防御联盟,从属
吉德罗·洛哈特的姐姐,吉德罗·洛哈特,弟弟
吉德罗·洛哈特的姐姐,洛哈特先生,父亲
吉德罗·洛哈特的姐姐,洛哈特夫人,母亲
吉德罗·洛哈特的父亲,吉德罗·洛哈特,儿子
吉德罗·洛哈特的父亲,洛哈特夫人,妻子
吉本,伏地魔,从属
吉本,食死徒,从属
吉米·珀克斯,乔治·韦斯莱,同门
吉米·珀克斯,弗雷德·韦斯莱,同门
吉米·珀克斯,格兰芬多,从属
吉米·珀克斯,格兰芬多魁地奇球队,从属
吉米·珀克斯,珀克斯家族,从属
吉米·珀克斯,阿不思·邓布利多,学生
吉米·珀克斯,霍格沃茨魔法学校,从属
吉迪翁·普威特,亚瑟·韦斯莱,妹夫
吉迪翁·普威特,伊格内修斯·普威特,叔叔
吉迪翁·普威特,凤凰社,从属
吉迪翁·普威特,卢克丽霞·布莱克,阿姨
吉迪翁·普威特,普威特先生,父亲
吉迪翁·普威特,普威特夫人,母亲
吉迪翁·普威特,普威特家族,从属
吉迪翁·普威特,比利尔斯,可能是兄弟
吉迪翁·普威特,穆丽尔,姨妈
吉迪翁·普威特,莫丽·韦斯莱,妹妹
吉迪翁·普威特,费比安·普威特,弟弟
哈利·波特,S.P.E.W.,从属
哈利·波特,乔治·韦斯莱,内兄
哈利·波特,亚瑟·韦斯莱,岳父
哈利·波特,伊万斯先生,外祖父
哈利·波特,伊万斯夫人,外祖母
哈利·波特,伊格诺图斯·佩弗利尔,父系祖先
哈利·波特,佩妮·德思礼,姨妈
哈利·波特,傲罗办公室,从属
哈利·波特,傲罗办公室主任,职业
哈利·波特,凤凰社,从属
哈利·波特,卢娜·洛夫古德,同门
哈利·波特,塞德里克·迪戈里,同门
哈利·波特,多米尼克·韦斯莱,侄女
哈利·波特,奥利弗·伍德,同门
哈利·波特,奥黛丽·韦斯莱,嫂子
哈利·波特,安吉利娜·约翰逊,嫂子
哈利·波特,尤菲米娅·波特,祖母
哈利·波特,弗农·德思礼,姨父
哈利·波特,弗利蒙·波特,祖父
哈利·波特,弗雷德·韦斯莱,内兄
哈利·波特,弗雷德·韦斯莱二世,侄子
哈利·波特,德思礼夫人,表嫂
哈利·波特,德拉科·马尔福,同门
哈利·波特,扎卡赖斯·史密斯,同门
哈利·波特,斯廷奇库姆的林弗雷德,父系祖先
哈利·波特,查理·韦斯莱,内兄
哈利·波特,格兰芬多学院,从属
哈利·波特,格兰芬多魁地奇球队,从属
哈利·波特,比尔·韦斯莱,内兄
哈利·波特,汤姆·里德尔,远房亲戚
哈利·波特,波特家族,从属
哈利·波特,珀西·韦斯莱,内兄
哈利·波特,秋·张,同门
哈利·波特,米勒娃·麦格,学生
哈利·波特,纳威·隆巴顿,同门
哈利·波特,维克托娃·韦斯莱,侄女
哈利·波特,罗丝·韦斯莱,侄女
哈利·波特,罗克珊·韦斯莱,侄女
哈利·波特,罗恩·韦斯莱,内兄
哈利·波特,芙蓉·德拉库尔,嫂子
哈利·波特,英国魔法部,从属
哈利·波特,莉莉·卢娜·波特,女儿
哈利·波特,莉莉·波特,母亲
哈利·波特,莫丽·韦斯莱,岳母
哈利·波特,莫丽·韦斯莱二世,侄女
哈利·波特,莱姆斯·卢平,学生
哈利·波特,西弗勒斯·斯内普,学生
哈利·波特,西莫·斐尼甘,同门
哈利·波特,詹姆·小天狼星·波特,儿子
哈利·波特,詹姆·波特,父亲
哈利·波特,赫敏·格兰杰,嫂子
哈利·波特,路易斯·韦斯莱,侄子
哈利·波特,达力·德思礼,表哥
哈利·波特,达力的孩子,表侄
哈利·波特,邓布利多军,从属
哈利·波特,金妮·波特,妻子
哈利·波特,阿不思·西弗勒斯·波特,儿子
哈利·波特,阿不思·邓布利多,从属
哈利·波特,阿不思·邓布利多,学生
哈利·波特,雨果·韦斯莱,侄子
哈利·波特,霍格沃茨魔法学校,从属
哈利·波特,露西·韦斯莱,侄女
哈利·波特,韦斯莱家族,从属
哈利·波特,魔法法律执行司,从属
哈利·波特,鲁伯·海格,学生
哈利·波特,黑魔法防御术兼职讲师,职业
哈利·波特,鼻涕虫俱乐部,从属
哈德温·波特,斯廷奇库姆的林弗雷德,父亲
哈德温·波特,艾欧兰斯·佩弗利尔,妻子
哈方·隆巴顿,卡莉朵拉·布莱克,妻子
哈方·隆巴顿,布莱克家族,从属
哈方·隆巴顿,隆巴顿家族,从属
哈米什·麦克法兰,职业魁地奇球员,职业
哈米什·麦克法兰,蒙特罗斯喜鹊队,从属
哈米什·麦克法兰,魔法体育运动司司长,职业
哈米什·麦克法兰,魔法部,从属
哈罗德·丁戈,霍格沃茨魔法学校,从属
坦维斯尔·戈沙克,戈沙克先生,父亲
坦维斯尔·戈沙克,戈沙克夫人,母亲
坦维斯尔·戈沙克,米兰达·戈沙克,妹妹
坦维斯尔·戈沙克,罗米达·戈沙克,姐妹
坦维斯尔·戈沙克,迪亚德玛·戈沙克,姐妹
埃尔德·沃普尔,霍格沃茨魔法学校,从属
埃尔德·沃普尔,鼻涕虫俱乐部,从属
埃尔芬斯通·埃尔科特,伊泽贝尔·罗斯,岳母
埃尔芬斯通·埃尔科特,埃尔科特家庭,从属
埃尔芬斯通·埃尔科特,小罗伯特·麦格,小舅
埃尔芬斯通·埃尔科特,米勒娃·麦格,妻子
埃尔芬斯通·埃尔科特,老罗伯特·麦格,岳父
埃尔芬斯通·埃尔科特,马尔科姆·麦格,小舅
埃尔芬斯通·埃尔科特,魔法法律执行司,从属
埃尔芬斯通·埃尔科特,魔法部,从属
埃尔芬斯通·埃尔科特,麦格家族,从属
埃德里奇·迪戈里,霍格沃茨魔法学校,从属
埃德里奇·迪戈里,魔法部,从属
埃拉朵拉·布莱克,乌尔苏拉·弗林特,嫂子
埃拉朵拉·布莱克,天狼星·布莱克一世,哥哥
埃拉朵拉·布莱克,天狼星·布莱克二世,侄子
埃拉朵拉·布莱克,约拉·布莱克,妹妹
埃拉朵拉·布莱克,菲尼亚斯·奈杰勒斯·布莱克,哥哥
埃拉朵拉·布莱克,菲尼亚斯·布莱克,侄子
埃拉朵拉·布莱克,西格纳斯·布莱克二世,侄子
埃拉朵拉·布莱克,贝尔维娜·布莱克,侄女
埃拉朵拉·布莱克,阿克图勒斯·布莱克二世,侄子
埃拉朵拉·布莱克,鲍勃·希钦斯,妹夫
埃格朗蒂纳·莱斯特兰奇,克拉里斯·特朗布莱,儿媳
埃格朗蒂纳·莱斯特兰奇,劳瑞娜·卡玛,儿媳
埃格朗蒂纳·莱斯特兰奇,法尔科·特朗布莱,外甥
埃格朗蒂纳·莱斯特兰奇,法尔科·莱斯特兰奇,父亲
埃格朗蒂纳·莱斯特兰奇,科沃斯·莱斯特兰奇三世,丈夫
埃格朗蒂纳·莱斯特兰奇,科沃斯·莱斯特兰奇二世,伯父
埃格朗蒂纳·莱斯特兰奇,科沃斯·莱斯特兰奇五世,孙子
埃格朗蒂纳·莱斯特兰奇,科沃斯·莱斯特兰奇四世,儿子
埃格朗蒂纳·莱斯特兰奇,莉塔·莱斯特兰奇,孙女
埃格朗蒂纳·莱斯特兰奇,莱奥妮·莱斯特兰奇,妹妹
埃格朗蒂纳·莱斯特兰奇,萨洛梅·沃朗,母亲
塞巴斯蒂安·佩罗,于盖特·佩罗,女儿
塞巴斯蒂安·佩罗,奥迪勒·佩罗,女儿
塞巴斯蒂安·佩罗,洛雷勒·佩罗,女儿
塞巴斯蒂安·佩罗,玛农·莱斯特兰奇,妻子
塞巴斯蒂安·佩罗,科沃斯·莱斯特兰奇二世,岳父
塞巴斯蒂安·佩罗,米内特·罗齐尔,岳母
塞德瑞拉·布莱克,乌尔苏拉·弗林特,祖母
塞德瑞拉·布莱克,乔治·韦斯莱,孙子
塞德瑞拉·布莱克,亚瑟·韦斯莱,儿子
塞德瑞拉·布莱克,卡斯帕·克劳奇,妹夫
塞德瑞拉·布莱克,卡莉朵拉·布莱克,姐姐
塞德瑞拉·布莱克,哈方·隆巴顿,姐夫
塞德瑞拉·布莱克,塞普蒂默斯·韦斯莱,丈夫
塞德瑞拉·布莱克,天狼星·布莱克一世,叔叔
塞德瑞拉·布莱克,布莱克家族,从属
塞德瑞拉·布莱克,弗雷德·韦斯莱,孙子
塞德瑞拉·布莱克,查理·韦斯莱,孙子
塞德瑞拉·布莱克,查莉丝·布莱克,妹妹
塞德瑞拉·布莱克,比尔·韦斯莱,孙子
塞德瑞拉·布莱克,珀西·韦斯莱,孙子
塞德瑞拉·布莱克,罗恩·韦斯莱,孙子
塞德瑞拉·布莱克,莫丽·普威特,儿媳
塞德瑞拉·布莱克,莱桑德拉·亚克斯利,母亲
塞德瑞拉·布莱克,菲尼亚斯·奈杰勒斯·布莱克,祖父
塞德瑞拉·布莱克,菲尼亚斯·布莱克,叔叔
塞德瑞拉·布莱克,西格纳斯·布莱克二世,叔叔
塞德瑞拉·布莱克,贝尔维娜·布莱克,叔叔
塞德瑞拉·布莱克,金妮·韦斯莱,孙女
塞德瑞拉·布莱克,阿克图勒斯·布莱克二世,父亲
塞德瑞拉·布莱克,韦斯莱家族,从属
塞德里克·迪戈里,赫奇帕奇学院,从属
塞德里克·迪戈里,赫奇帕奇魁地奇球队,从属
塞德里克·迪戈里,迪戈里家族,从属
塞德里克·迪戈里,霍格沃茨魔法学校,从属
塞普蒂默斯·韦斯莱,乔治·韦斯莱,孙子
塞普蒂默斯·韦斯莱,亚瑟·韦斯莱,儿子
塞普蒂默斯·韦斯莱,卡斯帕·克劳奇,妹夫
塞普蒂默斯·韦斯莱,卡莉朵拉·布莱克,姐姐
塞普蒂默斯·韦斯莱,哈方·隆巴顿,姐夫
塞普蒂默斯·韦斯莱,塞德瑞拉·布莱克,妻子
塞普蒂默斯·韦斯莱,弗雷德·韦斯莱,孙子
塞普蒂默斯·韦斯莱,查理·韦斯莱,孙子
塞普蒂默斯·韦斯莱,查莉丝·布莱克,妹妹
塞普蒂默斯·韦斯莱,比尔·韦斯莱,孙子
塞普蒂默斯·韦斯莱,珀西·韦斯莱,孙子
塞普蒂默斯·韦斯莱,罗恩·韦斯莱,孙子
塞普蒂默斯·韦斯莱,莫丽·普威特,儿媳
塞普蒂默斯·韦斯莱,莱桑德拉·亚克斯利,岳母
塞普蒂默斯·韦斯莱,金妮·韦斯莱,孙女
塞普蒂默斯·韦斯莱,阿克图勒斯·布莱克二世,岳父
塞普蒂默斯·马尔福,卢修斯·马尔福,后裔
塞普蒂默斯·马尔福,尼古拉斯·马尔福,祖先
塞普蒂默斯·马尔福,布鲁图斯·马尔福,祖先
塞普蒂默斯·马尔福,德拉科·马尔福,后裔
塞普蒂默斯·马尔福,斯科皮·马尔福,后裔
塞普蒂默斯·马尔福,阿布拉克萨斯·马尔福,后裔
塞普蒂默斯·马尔福,阿曼德·马尔福,祖先
塞普蒂默斯·马尔福,魔法部,从属
塞普蒂默斯·马尔福,魔法部部长顾问,职业
塞蒂娜·沃贝克,厄文·瓦布尔,第三任丈夫
塞蒂娜·沃贝克,格兰芬多,从属
塞蒂娜·沃贝克,沃贝克先生,父亲
塞蒂娜·沃贝克,沃贝克夫人,母亲
塞蒂娜·沃贝克,霍格沃茨魔法学校,从属
塞蒂娜·沃贝克的母亲,厄文·瓦布尔,第三任女婿
塞蒂娜·沃贝克的母亲,塞蒂娜·沃贝克,女儿
塞蒂娜·沃贝克的母亲,沃贝克先生,丈夫
塞蒂娜·沃贝克的父亲,厄文·瓦布尔,第三任女婿
塞蒂娜·沃贝克的父亲,塞蒂娜·沃贝克,女儿
塞蒂娜·沃贝克的父亲,沃贝克夫人,妻子
夏比,赫奇帕奇,从属
夏比,赫奇帕奇魁地奇球队,从属
夏比,霍格沃茨,从属
多卡斯·十二树,亚里斯多德·十二树,父亲
多卡斯·十二树,十二树家庭,从属
多洛雷斯·乌姆里奇,埃伦·克拉克内尔,母亲
多洛雷斯·乌姆里奇,奥福德·乌姆里奇,父亲
多洛雷斯·乌姆里奇,威森加摩,从属
多洛雷斯·乌姆里奇,调查行动组,从属
多洛雷斯·乌姆里奇,霍格沃茨校长,职业
多洛雷斯·乌姆里奇,霍格沃茨高级调查官,职业
多洛雷斯·乌姆里奇,霍格沃茨魔法学校,从属
多洛雷斯·乌姆里奇,食死徒,从属
多洛雷斯·乌姆里奇,魔法部,从属
多洛雷斯·乌姆里奇,魔法部高级副部长,职业
多洛雷斯·乌姆里奇,麻瓜出身登记委员会,从属
多洛雷斯·乌姆里奇,麻瓜出身登记委员会主任,职业
多米尼克·韦斯莱,乔治·韦斯莱,叔叔
多米尼克·韦斯莱,亚瑟·韦斯莱,祖父
多米尼克·韦斯莱,加布丽·德拉库尔,小姨
多米尼克·韦斯莱,哈利·波特,姑父
多米尼克·韦斯莱,塞德瑞拉·布莱克,父系祖先
多米尼克·韦斯莱,塞普蒂默斯·韦斯莱,父系祖先
多米尼克·韦斯莱,奥黛丽·韦斯莱,婶婶
多米尼克·韦斯莱,安吉利娜·约翰逊,婶婶
多米尼克·韦斯莱,弗雷德·韦斯莱,叔叔
多米尼克·韦斯莱,弗雷德·韦斯莱二世,堂兄弟
多米尼克·韦斯莱,德拉库尔先生,外祖父
多米尼克·韦斯莱,德拉库尔家族,从属
多米尼克·韦斯莱,普威特家族,从属
多米尼克·韦斯莱,查理·韦斯莱,叔叔
多米尼克·韦斯莱,比尔·韦斯莱,父亲
多米尼克·韦斯莱,珀西·韦斯莱,叔叔
多米尼克·韦斯莱,维克托娃·韦斯莱,姐姐
多米尼克·韦斯莱,罗丝·韦斯莱,堂姐妹
多米尼克·韦斯莱,罗克珊·韦斯莱,堂姐妹
多米尼克·韦斯莱,罗恩·韦斯莱,叔叔
多米尼克·韦斯莱,芙蓉·德拉库尔,母亲
多米尼克·韦斯莱,莉莉·卢娜·波特,表姐妹
多米尼克·韦斯莱,莫丽·韦斯莱,祖母
多米尼克·韦斯莱,莫丽·韦斯莱二世,堂姐妹
多米尼克·韦斯莱,詹姆·小天狼星·波特,表兄弟
多米尼克·韦斯莱,赫敏·格兰杰,婶婶
多米尼克·韦斯莱,路易·韦斯莱,弟弟
多米尼克·韦斯莱,金妮·韦斯莱,姑妈
多米尼克·韦斯莱,阿不思·西弗勒斯·波特,表兄弟
多米尼克·韦斯莱,阿波琳·德拉库尔,外祖母
多米尼克·韦斯莱,雨果·韦斯莱,堂兄弟
多米尼克·韦斯莱,露西·韦斯莱,堂姐妹
多米尼克·韦斯莱,韦斯莱家族,从属
多纳汉·特姆利特,古怪姐妹演唱组,从属
多纳汉·特姆利特,特姆利特先生,父亲
多纳汉·特姆利特,特姆利特夫人,母亲
多纳汉·特姆利特,特姆利特家庭,从属
天狼星·布莱克一世,埃拉朵拉·布莱克,妹妹
天狼星·布莱克一世,约拉·布莱克,妹妹
天狼星·布莱克一世,菲尼亚斯·奈杰勒斯·布莱克,弟弟
天狼星·布莱克二世,乌尔苏拉·弗林特,母亲
天狼星·布莱克二世,卢克丽霞·布莱克,孙女
天狼星·布莱克二世,奥赖恩·布莱克,孙子
天狼星·布莱克二世,海斯帕·甘普,妻子
天狼星·布莱克二世,莱克里丝·布莱克,女儿
天狼星·布莱克二世,菲尼亚斯·奈杰勒斯·布莱克,父亲
天狼星·布莱克二世,菲尼亚斯·布莱克,弟弟
天狼星·布莱克二世,西格纳斯·布莱克二世,弟弟
天狼星·布莱克二世,贝尔维娜·布莱克,妹妹
天狼星·布莱克二世,阿克图勒斯·布莱克三世,儿子
天狼星·布莱克二世,阿克图勒斯·布莱克二世,弟弟
天狼星·布莱克二世,雷古勒斯·布莱克一世,儿子
奎妮·戈德斯坦,伊尔弗莫尼魔法学校,从属
奎妮·戈德斯坦,卢娜·洛夫古德,外甥孙媳婦
奎妮·戈德斯坦,安东尼·戈德斯坦,远亲
奎妮·戈德斯坦,戈德斯坦先生,父亲
奎妮·戈德斯坦,戈德斯坦夫人,母亲
奎妮·戈德斯坦,戈德斯坦家族,从属
奎妮·戈德斯坦,普克奇学院,从属
奎妮·戈德斯坦,洛肯·斯卡曼德,曾外甥孙
奎妮·戈德斯坦,纽特·斯卡曼德,姐夫
奎妮·戈德斯坦,罗夫·斯卡曼德,外甥孙
奎妮·戈德斯坦,美国魔法国会,从属
奎妮·戈德斯坦,莱桑德·斯卡曼德,曾外甥孙
奎妮·戈德斯坦,蒂娜·戈德斯坦,姐姐
奥利弗·伍德,伍德先生,父亲
奥利弗·伍德,伍德夫人,母亲
奥利弗·伍德,弗雷德·韦斯莱,同门
奥利弗·伍德,普德米尔联队,从属
奥利弗·伍德,格兰芬多,从属
奥利弗·伍德,格兰芬多魁地奇球队,从属
奥利弗·伍德,霍格沃茨魔法学校,从属
奥古斯特·卢克伍德,伏地魔,从属
奥古斯特·卢克伍德,神秘事务司,从属
奥古斯特·卢克伍德,英国魔法部,从属
奥古斯特·卢克伍德,食死徒,从属
奥托·巴格曼,卢多·巴格曼,哥哥
奥罗拉·辛尼斯塔,天文学家,职业
奥罗拉·辛尼斯塔,天文学系,从属
奥罗拉·辛尼斯塔,霍格沃茨魔法学校,从属
奥赖恩·布莱克,伊尔玛·克拉布,岳母
奥赖恩·布莱克,伊格内修斯·普威特,姐夫
奥赖恩·布莱克,卢克丽霞·布莱克,姐姐
奥赖恩·布莱克,天狼星·布莱克二世,祖父
奥赖恩·布莱克,安多米达·唐克斯,侄女
奥赖恩·布莱克,小天狼星·布莱克,儿子
奥赖恩·布莱克,布莱克家族,从属
奥赖恩·布莱克,帕勒克斯·布莱克,岳父
奥赖恩·布莱克,斯莱特林,从属
奥赖恩·布莱克,梅拉尼娅·麦克米兰,母亲
奥赖恩·布莱克,沃尔布加·布莱克,妻子
奥赖恩·布莱克,海斯帕·甘普,祖母
奥赖恩·布莱克,纳西莎·马尔福,侄女
奥赖恩·布莱克,莱克里丝·布莱克,姑妈
奥赖恩·布莱克,西格纳斯·布莱克三世,小舅
奥赖恩·布莱克,贝拉特里克斯·莱斯特兰奇,侄女
奥赖恩·布莱克,阿克图勒斯·布莱克三世,父亲
奥赖恩·布莱克,阿尔法德·布莱克,小舅
奥赖恩·布莱克,雷古勒斯·布莱克,儿子
奥赖恩·布莱克,雷古勒斯·布莱克一世,叔叔
奥赖恩·布莱克,霍格沃茨魔法学校,从属
奥迪勒·佩罗,于盖特·佩罗,妹妹
奥迪勒·佩罗,佩罗家族,从属
奥迪勒·佩罗,克拉里斯·特朗布莱,远房表姐妹
奥迪勒·佩罗,塞巴斯蒂安·佩罗,父亲
奥迪勒·佩罗,法尔科·特朗布莱,远房表兄弟
奥迪勒·佩罗,洛雷勒·佩罗,妹妹
奥迪勒·佩罗,玛农·莱斯特兰奇,母亲
奥迪勒·佩罗,科沃斯·莱斯特兰奇三世,外祖父
奥迪勒·佩罗,科沃斯·莱斯特兰奇四世,表兄弟
奥迪勒·佩罗,米内特·罗齐尔,外祖母
奥迪勒·佩罗,莱斯特兰奇家族,从属
奥迪勒·佩罗,路易·盖奇,表兄弟
奥迪勒·佩罗,马蒂斯·盖奇,表兄弟
奥黛丽·韦斯莱,亚瑟·韦斯莱,公公
奥黛丽·韦斯莱,珀西·韦斯莱,丈夫
奥黛丽·韦斯莱,莫丽·韦斯莱,婆婆
奥黛丽·韦斯莱,莫丽·韦斯莱二世,女儿
奥黛丽·韦斯莱,露西·韦斯莱,女儿
威基·泰克罗斯,幻影显形课指导教师,职业
威基·泰克罗斯,英国魔法部,从属
威基·泰克罗斯,英国魔法部雇员,职业
威基·泰克罗斯,霍格沃茨魔法学校,从属
威尔克斯,霍格沃茨魔法学校,从属
威尔克斯,食死徒,从属
威尔海姆·费歇尔,美国魔法国会,从属
威廉·塞耶,伊索特·塞耶,女儿
威廉·塞耶,塞耶家族,从属
威廉·塞耶,查威克·布特,养外孙
威廉·塞耶,玛莎·斯图尔特二世,外孙女
威廉·塞耶,莫瑞根,祖先
威廉·塞耶,葛姆蕾·冈特,大姨
威廉·塞耶,詹姆·斯图尔特,女婿
威廉·塞耶,雷欧娜·塞耶,妻子
威廉·塞耶,雷欧娜·斯图尔特,外孙女
威廉·塞耶,韦伯·布特,养外孙
威廉一世,亨利七世,后裔
威廉一世,亨利八世,后裔
威廉一世,亨利六世,后裔
威廉一世,伊丽莎白一世,后裔
威廉一世,威廉三世,后裔
威廉一世,安妮·博林,后裔
威廉一世,玛丽二世,后裔
威廉一世,理查一世,后裔
安东宁·多洛霍夫,伏地魔,从属
安东宁·多洛霍夫,多洛霍夫家族,从属
安东宁·多洛霍夫,食死徒,从属
安东尼·戈德斯坦,奎妮·戈德斯坦,远亲
安东尼·戈德斯坦,戈德斯坦家族,从属
安东尼·戈德斯坦,拉文克劳,从属
安东尼·戈德斯坦,波尔蓬蒂娜·斯卡曼德,远亲
安东尼·戈德斯坦,邓布利多军,从属
安东尼·戈德斯坦,霍格沃茨魔法学校,从属
安多米达·唐克斯,伊尔玛·克拉布,祖母
安多米达·唐克斯,卢修斯·马尔福,妹夫
安多米达·唐克斯,唐克斯家族,亲家
安多米达·唐克斯,奥赖恩·布莱克,姑父
安多米达·唐克斯,小天狼星·布莱克,表弟
安多米达·唐克斯,尼法朵拉·唐克斯,女儿
安多米达·唐克斯,布莱克家族,母氏家族
安多米达·唐克斯,帕勒克斯·布莱克,祖父
安多米达·唐克斯,德拉科·马尔福,外甥
安多米达·唐克斯,德鲁埃拉·罗齐尔,母亲
安多米达·唐克斯,沃尔布加·布莱克,姑妈
安多米达·唐克斯,泰德·唐克斯,丈夫
安多米达·唐克斯,泰迪·卢平,外孙子
安多米达·唐克斯,纳西莎·马尔福,妹妹
安多米达·唐克斯,罗道夫斯·莱斯特兰奇,姐夫
安多米达·唐克斯,罗齐尔家族,母氏家族
安多米达·唐克斯,莱姆斯·卢平,女婿
安多米达·唐克斯,西格纳斯·布莱克三世,父亲
安多米达·唐克斯,贝拉特里克斯·莱斯特兰奇,姐姐
安多米达·唐克斯,阿尔法德·布莱克,叔叔
安多米达·唐克斯,雷古勒斯·布莱克,表弟
安妮·博林,亨利七世,公公
安妮·博林,亨利八世,丈夫
安妮·博林,伊丽莎白一世,女儿
安妮·博林,威廉一世,祖先
安妮·博林,玛丽一世,继女
安布罗修·弗鲁姆,蜂蜜公爵,从属
安布罗修·弗鲁姆,霍格沃茨魔法学校,从属
安布罗修·弗鲁姆,鼻涕虫俱乐部,从属
安德鲁·柯克,格兰芬多魁地奇球队,从属
安德鲁·柯克,霍格沃茨魔法学校,从属
小亨利·肖,兰登·肖,弟弟
小亨利·肖,美国参议院,从属
小亨利·肖,老亨利·肖,父亲
小亨利·肖,肖家族,从属
小天狼星·布莱克,伊尔玛·克拉布,外婆
小天狼星·布莱克,伊格内修斯·普威特,父
小天狼星·布莱克,凤凰社,从属
小天狼星·布莱克,劫猎者,从属
小天狼星·布莱克,卢克丽霞·布莱克,父
小天狼星·布莱克,奥赖恩·布莱克,父亲
小天狼星·布莱克,安多米达·唐克斯,表姐
小天狼星·布莱克,布莱克家族,从属
小天狼星·布莱克,帕勒克斯·布莱克,外公
小天狼星·布莱克,德鲁埃拉·罗齐尔,母
小天狼星·布莱克,梅拉尼娅·麦克米兰,奶奶
小天狼星·布莱克,沃尔布加·布莱克,母亲
小天狼星·布莱克,波特家族,从属
小天狼星·布莱克,纳西莎·马尔福,表姐
小天狼星·布莱克,菲尼亚斯·奈杰勒斯·布莱克,父系
小天狼星·布莱克,西格纳斯·布莱克三世,叔叔
小天狼星·布莱克,贝拉特里克斯·莱斯特兰奇,表姐
小天狼星·布莱克,阿克图勒斯·布莱克三世,爷爷
小天狼星·布莱克,阿尔法德·布莱克,叔叔
小天狼星·布莱克,雷古勒斯·布莱克,弟弟
小天狼星·布莱克,霍格沃茨魔法学校,从属
小罗伯特·麦格,伊泽贝尔·罗斯,母亲
小罗伯特·麦格,埃尔芬斯通·埃尔科特,姐夫
小罗伯特·麦格,米勒娃·麦格,姐姐
小罗伯特·麦格,罗斯先生,外祖父
小罗伯特·麦格,罗斯夫人,外祖母
小罗伯特·麦格,老罗伯特·麦格,父亲
小罗伯特·麦格,马尔科姆·麦格,哥哥
小罗伯特·麦格,麦格先生,祖父
小罗伯特·麦格,麦格夫人,祖母
尤安·阿伯克龙比,格兰芬多,从属
尤安·阿伯克龙比,霍格沃茨魔法学校,从属
尤菲米娅·波特,亨利·波特,公公
尤菲米娅·波特,哈利·波特,孙子
尤菲米娅·波特,弗利蒙·波特,丈夫
尤菲米娅·波特,莉莉·卢娜·波特,曾孙女
尤菲米娅·波特,莉莉·波特,儿媳
尤菲米娅·波特,詹姆·小天狼星·波特,曾孙
尤菲米娅·波特,詹姆·波特,儿子
尤菲米娅·波特,金妮·波特,孙媳
尤菲米娅·波特,阿不思·西弗勒斯·波特,曾孙
尤里克·甘普,威森加摩,从属
尤里克·甘普,威森加摩首席魔法师,职业
尤里克·甘普,英国政府,从属
尤里克·甘普,英国魔法部,从属
尤里克·甘普,魔法部部长,职业
尼古拉斯·德·敏西-波平顿,亨利七世宫廷,从属
尼古拉斯·德·敏西-波平顿,无头猎手队,从属
尼古拉斯·德·敏西-波平顿,霍格沃茨魔法学校,从属
尼古拉斯·马尔福,卢修斯·马尔福,后裔
尼古拉斯·马尔福,卢修斯·马尔福一世,后裔
尼古拉斯·马尔福,塞普蒂默斯·马尔福,后裔
尼古拉斯·马尔福,布鲁图斯·马尔福,后裔
尼古拉斯·马尔福,德拉科·马尔福,后裔
尼古拉斯·马尔福,斯科皮·马尔福,后裔
尼古拉斯·马尔福,阿布拉克萨斯·马尔福,后裔
尼古拉斯·马尔福,阿曼德·马尔福,祖先
尼法朵拉·唐克斯,傲罗办公室,从属
尼法朵拉·唐克斯,先遣警卫,从属
尼法朵拉·唐克斯,凤凰社,从属
尼法朵拉·唐克斯,卢修斯·马尔福,叔叔
尼法朵拉·唐克斯,卢平家族,从属
尼法朵拉·唐克斯,唐克斯家族,从属
尼法朵拉·唐克斯,安多米达·唐克斯,原姓布莱克母亲
尼法朵拉·唐克斯,德拉科·马尔福,表弟
尼法朵拉·唐克斯,德鲁埃拉·布莱克,原姓罗齐尔外婆
尼法朵拉·唐克斯,泰德·唐克斯,父亲
尼法朵拉·唐克斯,泰迪·卢平,儿子
尼法朵拉·唐克斯,罗道夫斯·莱斯特兰奇,叔叔
尼法朵拉·唐克斯,英国魔法部,从属
尼法朵拉·唐克斯,莱姆斯·卢平,丈夫
尼法朵拉·唐克斯,莱尔·卢平,公公
尼法朵拉·唐克斯,西格纳斯·布莱克三世,外公
尼法朵拉·唐克斯,贝拉特里克斯·莱斯特兰奇,原姓布莱克
尼法朵拉·唐克斯,霍格沃茨,从属
巴克比克,凤凰社,从属
巴克比克,哈利·波特,从属
巴克比克,小天狼星·布莱克,从属
巴克比克,赫敏·格兰杰,从属
巴克比克,邓布利多军,从属
巴克比克,霍格沃茨魔法学校,从属
巴克比克,鲁伯·海格,从属
巴托罗缪·巴瑞波恩,巴瑞波恩家族,从属
巴托罗缪·巴瑞波恩,肃清者,从属
巴麦尊勋爵,英国,从属
巴麦尊勋爵,英国政府,从属
巴麦尊勋爵,英国首相,职业
巴麦尊勋爵,麻瓜社会,从属
布莱奇,布莱奇家庭,从属
布莱奇,魔法部,从属
布鲁图斯·马尔福,《战争中的巫师》,从属
布鲁图斯·马尔福,卢修斯·马尔福,后裔
布鲁图斯·马尔福,卢修斯·马尔福一世,祖先
布鲁图斯·马尔福,塞普蒂默斯·马尔福,后裔
布鲁图斯·马尔福,尼古拉斯·马尔福,祖先
布鲁图斯·马尔福,德拉科·马尔福,后裔
布鲁图斯·马尔福,斯科皮·马尔福,后裔
布鲁图斯·马尔福,阿布拉克萨斯·马尔福,后裔
布鲁图斯·马尔福,阿曼德·马尔福,祖先
布鲁图斯·马尔福,马尔福家族,从属
帕翠霞·斯廷森,霍格沃茨魔法学校,从属
弗兰克·布莱斯,军人,职业
弗兰克·布莱斯,里德尔家族,从属
弗兰克·布莱斯,里德尔府,从属
弗兰克·布莱斯,里德尔府看门人/园丁,职业
弗兰克·隆巴顿,纳威·隆巴顿,祖孙
弗农·德思礼,伊万斯先生,岳父
弗农·德思礼,伊万斯夫人,岳母
弗农·德思礼,佩妮·伊万斯,妻子
弗农·德思礼,哈利·波特,外甥
弗农·德思礼,德思礼夫人,儿媳
弗农·德思礼,德思礼夫人,母亲
弗农·德思礼,德思礼家庭,从属
弗农·德思礼,格朗宁公司,从属
弗农·德思礼,玛姬·德思礼,姐姐
弗农·德思礼,莉莉·伊万斯,小姨
弗农·德思礼,莉莉·卢娜·波特,外甥孙女
弗农·德思礼,詹姆·小天狼星·波特,外甥孙
弗农·德思礼,詹姆·波特,妹夫
弗农·德思礼,达力·德思礼,儿子
弗农·德思礼,金妮·韦斯莱,外甥媳婦
弗农·德思礼,阿不思·西弗勒斯·波特,外甥孙
弗利蒙·波特,亨利·波特,父亲
弗利蒙·波特,伊格诺图斯·佩弗利尔,祖先
弗利蒙·波特,佩弗利尔家族,从属
弗利蒙·波特,哈利·波特,孙子
弗利蒙·波特,尤菲米娅·波特,妻子
弗利蒙·波特,斯廷奇库姆的林弗雷德,祖先
弗利蒙·波特,格兰芬多,从属
弗利蒙·波特,波特夫人,祖母
弗利蒙·波特,波特家族,从属
弗利蒙·波特,莉莉·卢娜·波特,曾孙女
弗利蒙·波特,莉莉·波特,儿媳
弗利蒙·波特,詹姆·小天狼星·波特,曾孙
弗利蒙·波特,詹姆·波特,儿子
弗利蒙·波特,金妮·波特,孙媳
弗利蒙·波特,阿不思·西弗勒斯·波特,曾孙
弗利蒙·波特,霍格沃茨魔法学校,从属
弗里德瓦法,巨人群落,从属
弗里德瓦法,格洛普,儿子
弗里德瓦法,格洛普的父亲,伴侣
弗里德瓦法,海格先生,前夫
弗里德瓦法,海格家庭,从属
弗里德瓦法,鲁伯·海格,儿子
弗雷德·韦斯莱,乔治·韦斯莱,双胞胎弟弟
弗雷德·韦斯莱,亚瑟·韦斯莱,父亲
弗雷德·韦斯莱,凤凰社,从属
弗雷德·韦斯莱,吉迪翁·普威特,舅舅
弗雷德·韦斯莱,哈利·波特,妹夫
弗雷德·韦斯莱,塞德瑞拉·布莱克,祖母
弗雷德·韦斯莱,塞普蒂默斯·韦斯莱,祖父
弗雷德·韦斯莱,安吉利娜·约翰逊,弟媳
弗雷德·韦斯莱,弗雷德·韦斯莱二世,侄子
弗雷德·韦斯莱,德拉科·马尔福,同门
弗雷德·韦斯莱,普威特先生,外祖父
弗雷德·韦斯莱,普威特夫人,外祖母
弗雷德·韦斯莱,普威特家族,从属
弗雷德·韦斯莱,查理·韦斯莱,哥哥
弗雷德·韦斯莱,格兰芬多学院,从属
弗雷德·韦斯莱,格兰芬多魁地奇球队,从属
弗雷德·韦斯莱,比利尔斯,叔叔
弗雷德·韦斯莱,比尔·韦斯莱,哥哥
弗雷德·韦斯莱,波特瞭望站,从属
弗雷德·韦斯莱,珀西·韦斯莱,哥哥
弗雷德·韦斯莱,罗克珊·韦斯莱,侄女
弗雷德·韦斯莱,罗恩·韦斯莱,弟弟
弗雷德·韦斯莱,芙蓉·德拉库尔,嫂子
弗雷德·韦斯莱,莫丽·韦斯莱,原姓普威特
弗雷德·韦斯莱,费比安·普威特,舅舅
弗雷德·韦斯莱,赫敏·格兰杰,弟媳
弗雷德·韦斯莱,邓布利多军,从属
弗雷德·韦斯莱,金妮·韦斯莱,妹妹
弗雷德·韦斯莱,阿拉斯托·穆迪,学生
弗雷德·韦斯莱,霍格沃茨魔法学校,从属
弗雷德·韦斯莱,韦斯莱家族,从属
弗雷德·韦斯莱,韦斯莱魔法把戏坊,从属
弗雷德·韦斯莱,鲁伯·海格,学生
弗雷德·韦斯莱二世,乔治·韦斯莱,父亲
弗雷德·韦斯莱二世,亚瑟·韦斯莱,祖父
弗雷德·韦斯莱二世,哈利·波特,姑父
弗雷德·韦斯莱二世,多米尼克·韦斯莱,堂姐妹
弗雷德·韦斯莱二世,奥黛丽·韦斯莱,伯母
弗雷德·韦斯莱二世,安吉利娜·约翰逊,母亲
弗雷德·韦斯莱二世,弗雷德·韦斯莱,伯父
弗雷德·韦斯莱二世,查理·韦斯莱,伯父
弗雷德·韦斯莱二世,比尔·韦斯莱,伯父
弗雷德·韦斯莱二世,珀西·韦斯莱,伯父
弗雷德·韦斯莱二世,维克托娃·韦斯莱,堂姐
弗雷德·韦斯莱二世,罗丝·韦斯莱,堂姐妹
弗雷德·韦斯莱二世,罗克珊·韦斯莱,妹妹
弗雷德·韦斯莱二世,罗恩·韦斯莱,叔叔
弗雷德·韦斯莱二世,芙蓉·德拉库尔,伯母
弗雷德·韦斯莱二世,莉莉·卢娜·波特,表姐妹
弗雷德·韦斯莱二世,莫丽·韦斯莱,堂姐妹
弗雷德·韦斯莱二世,莫丽·韦斯莱,祖母
弗雷德·韦斯莱二世,詹姆·小天狼星·波特,表兄弟
弗雷德·韦斯莱二世,赫敏·格兰杰,婶婶
弗雷德·韦斯莱二世,路易·韦斯莱,堂兄弟
弗雷德·韦斯莱二世,金妮·韦斯莱,姑姑
弗雷德·韦斯莱二世,阿不思·西弗勒斯·波特,表兄弟
弗雷德·韦斯莱二世,雨果·韦斯莱,堂兄弟
弗雷德·韦斯莱二世,露西·韦斯莱,堂姐妹
德克·克莱斯韦,克莱斯韦夫人,妻子
德克·克莱斯韦,妖精联络处,从属
德克·克莱斯韦,霍格沃茨魔法学校,从属
德克·克莱斯韦,魔法部,从属
德克·克莱斯韦,鼻涕虫俱乐部,从属
德拉库尔先生,加布丽·德拉库尔,女儿
德拉库尔先生,多米尼克·韦斯莱,孙女
德拉库尔先生,比尔·韦斯莱,女婿
德拉库尔先生,维克托娃·韦斯莱,孙女
德拉库尔先生,芙蓉·德拉库尔,女儿
德拉库尔先生,路易·韦斯莱,孙子
德拉库尔先生,阿波琳·德拉库尔,妻子
德拉科·马尔福,卢修斯·马尔福,父亲
德拉科·马尔福,哈利·波特,同门
德拉科·马尔福,安多米达·唐克斯,姨妈
德拉科·马尔福,尼法朵拉·唐克斯,表姐
德拉科·马尔福,布莱克家族,从属
德拉科·马尔福,布莱克家族,母系家族
德拉科·马尔福,德拉科·马尔福一伙人,从属
德拉科·马尔福,德鲁埃拉·布莱克,外祖母
德拉科·马尔福,斯科皮·马尔福,儿子
德拉科·马尔福,斯莱特林学院,从属
德拉科·马尔福,斯莱特林魁地奇球队,从属
德拉科·马尔福,格林格拉斯家族,从属
德拉科·马尔福,格林格拉斯家族,姻亲
德拉科·马尔福,泰德·唐克斯,舅舅
德拉科·马尔福,纳威·隆巴顿,同门
德拉科·马尔福,纳西莎·马尔福,母亲
德拉科·马尔福,罗道夫斯·莱斯特兰奇,舅舅
德拉科·马尔福,芙蓉·德拉库尔,同门
德拉科·马尔福,西格纳斯·布莱克三世,外祖父
德拉科·马尔福,调查行动组,从属
德拉科·马尔福,贝拉特里克斯·莱斯特兰奇,姨妈
德拉科·马尔福,达芙妮·格林格拉斯,小姨
德拉科·马尔福,阿布拉克萨斯·马尔福,祖父
德拉科·马尔福,阿斯托里亚·格林格拉斯,妻子
德拉科·马尔福,霍格沃茨魔法学校,从属
德拉科·马尔福,食死徒,从属
德拉科·马尔福,马尔福家族,从属
德拉科·马尔福,马尔福家族,父系家族
德拉科·马尔福,魔法部,从属
德拉科·马尔福,鲁伯·海格,学生
德里安·普塞,斯莱特林学院,从属
德里安·普塞,斯莱特林魁地奇球队,从属
德里安·普塞,霍格沃茨魔法学校,从属
德雷克,霍格沃茨魔法学校,从属
忒修斯·斯卡曼德,傲罗办公室,从属
忒修斯·斯卡曼德,斯卡曼德夫人,母亲
忒修斯·斯卡曼德,斯卡曼德家族,从属
忒修斯·斯卡曼德,纽特·斯卡曼德,弟弟
忒修斯·斯卡曼德,英国魔法部,从属
忒修斯·斯卡曼德,莉塔·莱斯特兰奇,未婚妻
忒修斯·斯卡曼德,蒂娜·戈德斯坦,弟媳
戈德里克·格兰芬多,决斗大师,职业
戈德里克·格兰芬多,格兰芬多,从属
戈德里克·格兰芬多,霍格沃茨创办者,职业
戈德里克·格兰芬多,霍格沃茨教授,职业
戈德里克·格兰芬多,霍格沃茨魔法学校,从属
戴丽丝·德文特,圣芒戈魔法伤病医院,从属
戴丽丝·德文特,治疗师,职业
戴丽丝·德文特,霍格沃茨校长,职业
戴丽丝·德文特,霍格沃茨魔法学校,从属
戴维·格杰恩,格杰恩家庭,从属
戴维·格杰恩,霍格沃茨魔法学校,从属
扎卡赖斯·史密斯,史密斯先生,父亲
扎卡赖斯·史密斯,史密斯家族,从属
扎卡赖斯·史密斯,弗雷德·韦斯莱,同门
扎卡赖斯·史密斯,芙蓉·德拉库尔,同门
扎卡赖斯·史密斯,赫奇帕奇学院,从属
扎卡赖斯·史密斯,赫奇帕奇魁地奇球队,从属
扎卡赖斯·史密斯,邓布利多军,从属
扎卡赖斯·史密斯,霍格沃茨魔法学校,从属
托比亚·斯内普,斯内普家庭,从属
托比亚·斯内普,普林斯家庭,从属
托比亚·斯内普,艾琳·普林斯,妻子
托比亚·斯内普,西弗勒斯·斯内普,儿子
拉道夫斯·莱斯特兰奇,拉巴斯坦·莱斯特兰奇,后裔
拉道夫斯·莱斯特兰奇,罗道夫斯·莱斯特兰奇,后裔
拉道夫斯·莱斯特兰奇,英国魔法部,从属
拉道夫斯·莱斯特兰奇,莱斯特兰奇,后裔
提贝卢斯,魔法部,从属
提贝卢斯,麦克拉根家庭,从属
提贝卢斯,鼻涕虫俱乐部,从属
提贝卢斯·奥格登,奥格登家族,从属
提贝卢斯·奥格登,威森加摩,从属
提贝卢斯·奥格登,魔法部,从属
斯廷奇库姆的林弗雷德,哈德温·波特,儿子
斯廷奇库姆的林弗雷德,艾欧兰斯·佩弗利尔,儿媳
斯科皮·马尔福,卢修斯·马尔福,祖父
斯科皮·马尔福,德拉科·马尔福,父亲
斯科皮·马尔福,格林格拉斯家族,从属
斯科皮·马尔福,纳西莎·马尔福,祖母
斯科皮·马尔福,达芙妮·格林格拉斯,大姨
斯科皮·马尔福,阿斯托里亚·格林格拉斯,母亲
斯科皮·马尔福,马尔福家族,从属
曼蒂·布洛贺,布洛贺家庭,从属
曼蒂·布洛贺,拉文克劳,从属
曼蒂·布洛贺,霍格沃茨魔法学校,从属
杜戈尔·麦格雷格,麦格雷格先生,父亲
杜戈尔·麦格雷格,麦格雷格夫人,妻子
杜戈尔·麦格雷格的妻子,杜戈尔·麦格雷格,丈夫
杜戈尔·麦格雷格的妻子,麦格雷格先生,公公
杜戈尔·麦格雷格的岳父,杜戈尔·麦格雷格,女婿
杜戈尔·麦格雷格的岳父,麦格雷格先生,亲家公
杜戈尔·麦格雷格的岳父,麦格雷格夫人,女儿
杜戈尔·麦格雷格的父亲,杜戈尔·麦格雷格,儿子
杜戈尔·麦格雷格的父亲,麦格雷格夫人,儿媳
杜格德·麦克费尔,英国魔法部,从属
杜格德·麦克费尔,霍格沃茨,从属
杰克·斯劳珀,格兰芬多,从属
杰克·斯劳珀,格兰芬多魁地奇球队,从属
杰克·斯劳珀,霍格沃茨魔法学校,从属
杰弗里·胡珀,格兰芬多,从属
杰弗里·胡珀,胡珀家庭,从属
杰弗里·胡珀,霍格沃茨魔法学校,从属
杰玛·法利,斯莱特林,从属
杰玛·法利,霍格沃茨魔法学校,从属
查勒斯·波特,伊尔玛·克拉布,舅嫂
查勒斯·波特,卡西欧佩娅·布莱克,大姨
查勒斯·波特,多瑞娅·布莱克,妻子
查勒斯·波特,帕勒克斯·布莱克,大舅
查勒斯·波特,沃尔布加·布莱克,侄女
查勒斯·波特,维奥莱塔·伯斯德,岳母
查勒斯·波特,西格纳斯·布莱克三世,侄子
查勒斯·波特,西格纳斯·布莱克二世,岳父
查勒斯·波特,阿尔法德·布莱克,侄女
查勒斯·波特,马里厄斯·布莱克,大舅
查威克·布特,伊尔弗莫尼魔法学校,从属
查威克·布特,伊索特·塞耶,养母
查威克·布特,卡德隆-布特家族,从属
查威克·布特,布特先生,父亲
查威克·布特,布特夫人,母亲
查威克·布特,布特家族,从属
查威克·布特,斯图尔特家族,从属
查威克·布特,玛莎·斯图尔特,养妹
查威克·布特,荷西菲娜·卡德隆,妻子
查威克·布特,詹姆·斯图尔特,养父
查威克·布特,雷欧娜·斯图尔特,养妹
查威克·布特,韦伯·布特,弟弟
查理·韦斯莱,乔治·韦斯莱,弟弟
查理·韦斯莱,亚瑟·韦斯莱,父亲
查理·韦斯莱,凤凰社,从属
查理·韦斯莱,吉迪翁·普威特,舅舅
查理·韦斯莱,哈利·波特,妹夫
查理·韦斯莱,塞德瑞拉·布莱克,祖母
查理·韦斯莱,塞普蒂默斯·韦斯莱,祖父
查理·韦斯莱,多米尼克·韦斯莱,侄女
查理·韦斯莱,奥黛丽·韦斯莱,弟媳
查理·韦斯莱,安吉利娜·约翰逊,弟媳
查理·韦斯莱,弗雷德·韦斯莱,弟弟
查理·韦斯莱,弗雷德·韦斯莱二世,侄子
查理·韦斯莱,普威特先生,外祖父
查理·韦斯莱,普威特夫人,外祖母
查理·韦斯莱,普威特家族,从属
查理·韦斯莱,格兰芬多学院,从属
查理·韦斯莱,格兰芬多魁地奇球队,从属
查理·韦斯莱,比利尔斯,叔叔
查理·韦斯莱,比尔·韦斯莱,哥哥
查理·韦斯莱,珀西·韦斯莱,弟弟
查理·韦斯莱,维克托娃·韦斯莱,侄女
查理·韦斯莱,罗丝·韦斯莱,侄女
查理·韦斯莱,罗克珊·韦斯莱,侄女
查理·韦斯莱,罗恩·韦斯莱,弟弟
查理·韦斯莱,罗马尼亚火龙保护区,从属
查理·韦斯莱,芙蓉·德拉库尔,嫂子
查理·韦斯莱,莉莉·卢娜·波特,外甥女
查理·韦斯莱,莫丽·韦斯莱,母亲
查理·韦斯莱,莫丽·韦斯莱二世,侄子
查理·韦斯莱,詹姆·小天狼星·波特,外甥
查理·韦斯莱,费比安·普威特,舅舅
查理·韦斯莱,赫敏·格兰杰,弟媳
查理·韦斯莱,路易·韦斯莱,侄子
查理·韦斯莱,金妮·韦斯莱,妹妹
查理·韦斯莱,阿不思·西弗勒斯·波特,外甥女
查理·韦斯莱,雨果·韦斯莱,侄子
查理·韦斯莱,霍格沃茨魔法学校,从属
查理·韦斯莱,露西·韦斯莱,侄子
查理·韦斯莱,韦斯莱家族,从属
查理·韦斯莱,鲁伯·海格,学生
查莉丝·布莱克,乌尔苏拉·弗林特,祖母
查莉丝·布莱克,亚瑟·韦斯莱,外甥
查莉丝·布莱克,克劳奇家族,从属
查莉丝·布莱克,卡斯帕·克劳奇,丈夫
查莉丝·布莱克,卡莉朵拉·布莱克,姐姐
查莉丝·布莱克,哈方·隆巴顿,姐夫
查莉丝·布莱克,塞德瑞拉·布莱克,姐姐
查莉丝·布莱克,塞普蒂默斯·韦斯莱,姐夫
查莉丝·布莱克,天狼星·布莱克二世,伯父
查莉丝·布莱克,布莱克家族,从属
查莉丝·布莱克,莱桑德拉·亚克斯利,母亲
查莉丝·布莱克,菲尼亚斯·奈杰勒斯·布莱克,祖父
查莉丝·布莱克,菲尼亚斯·布莱克,伯父
查莉丝·布莱克,西格纳斯·布莱克二世,伯父
查莉丝·布莱克,贝尔维娜·布莱克,姑妈
查莉丝·布莱克,阿克图勒斯·布莱克二世,父亲
查莉丝·布莱克,霍格沃茨魔法学校,从属
查莉蒂·威尔金森,傲罗,职业
查莉蒂·威尔金森,美国魔法国会主席,职业
格丝尔达·玛奇班,威森加摩,从属
格丝尔达·玛奇班,巫师考试管理局,从属
格丝尔达·玛奇班,魔法部,从属
格洛普,弗里德瓦法,母亲
格洛普,鲁伯·海格,同母异父哥哥
格罗根·斯顿普,塔特希尔龙卷风队,从属
格罗根·斯顿普,魔法部,从属
格韦诺格·琼斯,琼斯家族,从属
格韦诺格·琼斯,霍利黑德哈比队,从属
格韦诺格·琼斯,霍格沃茨魔法学校,从属
格韦诺格·琼斯,鼻涕虫俱乐部,从属
桃金娘·沃伦,哈利·波特,从属
桃金娘·沃伦,德拉科·马尔福,从属
桃金娘·沃伦,拉文克劳,从属
桃金娘·沃伦,沃伦先生,父亲
桃金娘·沃伦,沃伦夫人,母亲
桃金娘·沃伦,沃伦家庭,从属
桃金娘·沃伦,霍格沃茨魔法学校,从属
梅林,亚瑟王的宫廷,从属
梅林,斯莱特林,从属
梅林,梅林爵士团,从属
梅林,霍格沃茨魔法学校,从属
梅林达·波宾,波宾家庭,从属
梅林达·波宾,鼻涕虫俱乐部,从属
梅森,梅森家庭,从属
梅森的妻子,梅森家庭,从属
比尔·韦斯莱,乔治·韦斯莱,弟弟
比尔·韦斯莱,亚瑟·韦斯莱,父亲
比尔·韦斯莱,凤凰社,从属
比尔·韦斯莱,加布丽·德拉库尔,妹妹
比尔·韦斯莱,古灵阁巫师银行,从属
比尔·韦斯莱,吉迪翁·普威特,舅舅
比尔·韦斯莱,哈利·波特,妹夫
比尔·韦斯莱,塞德瑞拉·布莱克,祖母
比尔·韦斯莱,塞普蒂默斯·韦斯莱,祖父
比尔·韦斯莱,多米尼克·韦斯莱,女儿
比尔·韦斯莱,奥黛丽·韦斯莱,弟媳
比尔·韦斯莱,安吉利娜·约翰逊,弟媳
比尔·韦斯莱,弗雷德·韦斯莱,弟弟
比尔·韦斯莱,弗雷德·韦斯莱二世,侄子
比尔·韦斯莱,德拉库尔先生,岳父
比尔·韦斯莱,德拉库尔家族,从属
比尔·韦斯莱,普威特先生,外祖父
比尔·韦斯莱,普威特夫人,外祖母
比尔·韦斯莱,普威特家族,从属
比尔·韦斯莱,查理·韦斯莱,弟弟
比尔·韦斯莱,格兰芬多学院,从属
比尔·韦斯莱,比利尔斯,叔叔
比尔·韦斯莱,珀西·韦斯莱,弟弟
比尔·韦斯莱,穆丽尔,姨婆
比尔·韦斯莱,维克托娃·韦斯莱,女儿
比尔·韦斯莱,罗丝·韦斯莱,侄女
比尔·韦斯莱,罗克珊·韦斯莱,侄女
比尔·韦斯莱,罗恩·韦斯莱,弟弟
比尔·韦斯莱,芙蓉·德拉库尔,妻子
比尔·韦斯莱,莉莉·卢娜·波特,外甥女
比尔·韦斯莱,莫丽·韦斯莱,母亲
比尔·韦斯莱,莫丽·韦斯莱二世,侄女
比尔·韦斯莱,詹姆·小天狼星·波特,外甥
比尔·韦斯莱,费比安·普威特,舅舅
比尔·韦斯莱,赫敏·格兰杰,弟媳
比尔·韦斯莱,路易·韦斯莱,儿子
比尔·韦斯莱,金妮·韦斯莱,妹妹
比尔·韦斯莱,阿不思·西弗勒斯·波特,外甥
比尔·韦斯莱,阿波琳·德拉库尔,岳母
比尔·韦斯莱,雨果·韦斯莱,侄子
比尔·韦斯莱,霍格沃茨魔法学校,从属
比尔·韦斯莱,露西·韦斯莱,侄女
比尔·韦斯莱,韦斯莱家族,从属
汉娜·艾博,弗兰克·隆巴顿,公公
汉娜·艾博,治疗师,职业
汉娜·艾博,破釜酒吧,从属
汉娜·艾博,破釜酒吧女老板,职业
汉娜·艾博,纳威·隆巴顿,丈夫
汉娜·艾博,艾丽斯·隆巴顿,婆婆
汉娜·艾博,艾博夫人,母亲
汉娜·艾博,艾博家族,从属
汉娜·艾博,赫奇帕奇,从属
汉娜·艾博,邓布利多军,从属
汉娜·艾博,隆巴顿家族,从属
汉娜·艾博,霍格沃茨魔法学校,从属
汤姆·里德尔,博金-博克,从属
汤姆·里德尔,博金-博克店员,职业
汤姆·里德尔,卡德摩斯·佩弗利尔,祖先
汤姆·里德尔,哈利·波特,远亲
汤姆·里德尔,托马斯·里德尔,祖父
汤姆·里德尔,斯莱特林学院,从属
汤姆·里德尔,梅洛普·冈特,母亲
汤姆·里德尔,玛丽·里德尔,祖母
汤姆·里德尔,科维努斯·冈特,祖先
汤姆·里德尔,老汤姆·里德尔,父亲
汤姆·里德尔,莫芬·冈特,舅舅
汤姆·里德尔,萨拉查·斯莱特林,祖先
汤姆·里德尔,詹姆·波特,远亲
汤姆·里德尔,霍格沃茨魔法学校,从属
汤姆·里德尔,食死徒,从属
汤姆·里德尔,马沃罗·冈特,外祖父
汤姆·里德尔,魔法部,从属
汤姆·里德尔,鼻涕虫俱乐部,从属
汤姆·马沃罗·里德尔,博金-博克,从属
汤姆·马沃罗·里德尔,博金-博克店员,职业
汤姆·马沃罗·里德尔,卡德摩斯·佩弗利尔,祖先
汤姆·马沃罗·里德尔,哈利·波特,远亲
汤姆·马沃罗·里德尔,托马斯·里德尔,祖父
汤姆·马沃罗·里德尔,斯莱特林学院,从属
汤姆·马沃罗·里德尔,梅洛普·冈特,母亲
汤姆·马沃罗·里德尔,玛丽·里德尔,祖母
汤姆·马沃罗·里德尔,科维努斯·冈特,祖先
汤姆·马沃罗·里德尔,老汤姆·里德尔,父亲
汤姆·马沃罗·里德尔,莫芬·冈特,舅舅
汤姆·马沃罗·里德尔,萨拉查·斯莱特林,祖先
汤姆·马沃罗·里德尔,詹姆·波特,远亲
汤姆·马沃罗·里德尔,霍格沃茨魔法学校,从属
汤姆·马沃罗·里德尔,食死徒,从属
汤姆·马沃罗·里德尔,马沃罗·冈特,外祖父
汤姆·马沃罗·里德尔,魔法部,从属
汤姆·马沃罗·里德尔,鼻涕虫俱乐部,从属
沃尔布加·布莱克,伊尔玛·克拉布,母亲
沃尔布加·布莱克,克拉布家族,母系家族
沃尔布加·布莱克,卡西欧佩娅·布莱克,姑姑
沃尔布加·布莱克,卢克丽霞·布莱克,大姑
沃尔布加·布莱克,多瑞娅·布莱克,姑姑
沃尔布加·布莱克,奥赖恩·布莱克,丈夫
沃尔布加·布莱克,安多米达·唐克斯,侄女
沃尔布加·布莱克,小天狼星·布莱克,儿子
沃尔布加·布莱克,布莱克家族,从属
沃尔布加·布莱克,布莱克家族,父系家族
沃尔布加·布莱克,帕勒克斯·布莱克,父亲
沃尔布加·布莱克,德鲁埃拉·罗齐尔,弟媳
沃尔布加·布莱克,斯莱特林,从属
沃尔布加·布莱克,查勒斯·波特,姑父
沃尔布加·布莱克,纳西莎·马尔福,侄女
沃尔布加·布莱克,维奥莱塔·伯斯德,祖母
沃尔布加·布莱克,西格纳斯·布莱克三世,弟弟
沃尔布加·布莱克,西格纳斯·布莱克二世,祖父
沃尔布加·布莱克,贝拉特里克斯·莱斯特兰奇,侄女
沃尔布加·布莱克,阿克图勒斯·布莱克,公公
沃尔布加·布莱克,阿尔法德·布莱克,弟弟
沃尔布加·布莱克,阿拉明塔·梅利弗伦·布莱克,堂姐
沃尔布加·布莱克,雷古勒斯·布莱克,儿子
沃尔布加·布莱克,霍格沃茨魔法学校,从属
沃尔布加·布莱克,马里厄斯·布莱克,叔叔
法尔科·特朗布莱,伯纳德·特朗布莱,父亲
法尔科·特朗布莱,克拉里斯·特朗布莱,姐姐
法尔科·特朗布莱,埃格朗蒂纳·莱斯特兰奇,大姨
法尔科·特朗布莱,法尔科·莱斯特兰奇,外祖父
法尔科·特朗布莱,特朗布莱家族,从属
法尔科·特朗布莱,科沃斯·莱斯特兰奇五世,外甥
法尔科·特朗布莱,科沃斯·莱斯特兰奇四世,姐夫
法尔科·特朗布莱,莉塔·莱斯特兰奇,继外甥女
法尔科·特朗布莱,莱奥妮·莱斯特兰奇,母亲
法尔科·特朗布莱,莱斯特兰奇家族,从属
法尔科·特朗布莱,萨洛梅·沃朗,外祖母
法尔科·莱斯特兰奇,伯纳德·特朗布莱,女婿
法尔科·莱斯特兰奇,克拉里斯·特朗布莱,外孙女
法尔科·莱斯特兰奇,埃格朗蒂纳·莱斯特兰奇,女儿
法尔科·莱斯特兰奇,法尔科·特朗布莱,外孙
法尔科·莱斯特兰奇,科沃斯·莱斯特兰奇一世,父亲
法尔科·莱斯特兰奇,科沃斯·莱斯特兰奇二世,哥哥
法尔科·莱斯特兰奇,莱奥妮·莱斯特兰奇,女儿
法尔科·莱斯特兰奇,萨洛梅·沃朗,妻子
法尔科·莱斯特兰奇,西里尔·莱斯特兰奇,伯父
法尔科·莱斯特兰奇,赫洛伊丝·博福特,母亲
法尔科·莱斯特兰奇,达雷纳·莫罗,伯母
法里斯·斯帕文,英国魔法部,从属
波佩图阿·范考特,发明家,职业
波佩图阿·范考特,天文学家,职业
波佩图阿·范考特,拉文克劳,从属
波佩图阿·范考特,霍格沃茨魔法学校,从属
波尔蓬蒂娜·斯卡曼德,伊尔弗莫尼魔法学校,从属
波尔蓬蒂娜·斯卡曼德,傲罗,职业
波尔蓬蒂娜·斯卡曼德,卢娜·洛夫古德,孙媳婦
波尔蓬蒂娜·斯卡曼德,奎妮·戈德斯坦,妹妹
波尔蓬蒂娜·斯卡曼德,戈德斯坦先生,父亲
波尔蓬蒂娜·斯卡曼德,戈德斯坦夫人,母亲
波尔蓬蒂娜·斯卡曼德,戈德斯坦家族,从属
波尔蓬蒂娜·斯卡曼德,斯卡曼德夫人,婆婆
波尔蓬蒂娜·斯卡曼德,斯卡曼德家族,从属
波尔蓬蒂娜·斯卡曼德,洛肯·斯卡曼德,曾孙
波尔蓬蒂娜·斯卡曼德,纽特·斯卡曼德,丈夫
波尔蓬蒂娜·斯卡曼德,罗夫·斯卡曼德,孙子
波尔蓬蒂娜·斯卡曼德,美国魔法国会,从属
波尔蓬蒂娜·斯卡曼德,联邦魔杖许可签发官,职业
波尔蓬蒂娜·斯卡曼德,莱桑德·斯卡曼德,曾孙
波尔蓬蒂娜·斯卡曼德,雷鸟,从属
泰瑞·布特,布特家族,从属
泰瑞·布特,拉文克劳,从属
泰瑞·布特,邓布利多军,从属
泰瑞·布特,霍格沃茨魔法学校,从属
泰瑞·布特,韦伯·布特,可能是祖先
洛丽丝夫人,阿格斯·费尔奇,从属
洛丽丝夫人,霍格沃茨魔法学校,从属
洛肯·斯卡曼德,卢娜·洛夫古德,母亲
洛肯·斯卡曼德,斯卡曼德家族,从属
洛肯·斯卡曼德,洛夫古德家族,从属
洛肯·斯卡曼德,潘多拉·洛夫古德,外祖母
洛肯·斯卡曼德,罗夫·斯卡曼德,父亲
洛肯·斯卡曼德,莱桑德·斯卡曼德,孪生兄弟
洛肯·斯卡曼德,谢诺菲留斯·洛夫古德,外祖父
洛肯·麦克莱德,英国魔法部,从属
洛肯·麦克莱德,霍格沃茨,从属
洛雷勒·佩罗,于盖特·佩罗,姐姐
洛雷勒·佩罗,佩罗家族,从属
洛雷勒·佩罗,克拉里斯·特朗布莱,远房表姐妹
洛雷勒·佩罗,塞巴斯蒂安·佩罗,父亲
洛雷勒·佩罗,奥迪勒·佩罗,姐姐
洛雷勒·佩罗,法尔科·特朗布莱,远房表兄弟
洛雷勒·佩罗,玛农·莱斯特兰奇,母亲
洛雷勒·佩罗,科沃斯·莱斯特兰奇三世,外祖父
洛雷勒·佩罗,科沃斯·莱斯特兰奇四世,表兄弟
洛雷勒·佩罗,米内特·罗齐尔,母
洛雷勒·佩罗,莱斯特兰奇家族,从属
洛雷勒·佩罗,路易·盖奇,表兄弟
洛雷勒·佩罗,马蒂斯·盖奇,表兄弟
海斯帕·甘普,乌尔苏拉·弗林特,婆婆
海斯帕·甘普,卢克丽霞·布莱克,孙女
海斯帕·甘普,天狼星·布莱克二世,丈夫
海斯帕·甘普,奥赖恩·布莱克,孙子
海斯帕·甘普,布莱克家族,从属
海斯帕·甘普,甘普家族,从属
海斯帕·甘普,莱克里丝·布莱克,女儿
海斯帕·甘普,菲尼亚斯·奈杰勒斯·布莱克,公公
海斯帕·甘普,阿克图勒斯·布莱克三世,儿子
海斯帕·甘普,雷古勒斯·布莱克一世,儿子
潘多拉·洛夫古德,卢娜·洛夫古德,女儿
潘多拉·洛夫古德,洛肯·斯卡曼德,外孙
潘多拉·洛夫古德,罗夫·斯卡曼德,女婿
潘多拉·洛夫古德,莱桑德·斯卡曼德,外孙
潘多拉·洛夫古德,谢诺菲留斯·洛夫古德,丈夫
爱洛伊丝·米德根,米德根家庭,从属
爱洛伊丝·米德根,霍格沃茨魔法学校,从属
爱米琳·万斯,先遣警卫,从属
爱米琳·万斯,凤凰社,从属
特拉弗斯,英国魔法部,从属
特拉弗斯,食死徒,从属
玛丽·乔安西,美国魔法国会,从属
玛丽·卢·巴瑞波恩,克莱登斯·巴瑞波恩,养子
玛丽·卢·巴瑞波恩,卡斯提蒂·巴瑞波恩,养女
玛丽·卢·巴瑞波恩,巴托罗缪·巴瑞波恩,祖先
玛丽·卢·巴瑞波恩,巴瑞波恩家族,从属
玛丽·卢·巴瑞波恩,新塞勒姆慈善协会,从属
玛丽·卢·巴瑞波恩,第二塞勒姆教堂,从属
玛丽·卢·巴瑞波恩,莫迪丝蒂·巴瑞波恩,养女
玛丽二世,亨利七世,祖先
玛丽二世,威廉一世,祖先
玛丽二世,威廉三世,丈夫
玛农·莱斯特兰奇,于盖特·佩罗,女儿
玛农·莱斯特兰奇,佩罗家族,从属
玛农·莱斯特兰奇,埃格朗蒂纳·莱斯特兰奇,堂妹
玛农·莱斯特兰奇,塞巴斯蒂安·佩罗,丈夫
玛农·莱斯特兰奇,奥迪勒·佩罗,女儿
玛农·莱斯特兰奇,洛雷勒·佩罗,女儿
玛农·莱斯特兰奇,科沃斯·莱斯特兰奇一世,祖父
玛农·莱斯特兰奇,科沃斯·莱斯特兰奇三世,弟弟
玛农·莱斯特兰奇,科沃斯·莱斯特兰奇二世,父亲
玛农·莱斯特兰奇,科沃斯·莱斯特兰奇四世,侄子
玛农·莱斯特兰奇,米内特·罗齐尔,母亲
玛农·莱斯特兰奇,若塞特·莱斯特兰奇,妹妹
玛农·莱斯特兰奇,莱斯特兰奇家族,从属
玛农·莱斯特兰奇,赫洛伊丝·博福特,祖父
玛农·莱斯特兰奇,路易·盖奇,外甥
玛农·莱斯特兰奇,雷纳尔·盖奇,妹夫
玛农·莱斯特兰奇,马蒂斯·盖奇,外甥
玛姬·德思礼,佩妮·德思礼,弟媳
玛姬·德思礼,弗农·德思礼,弟弟
玛姬·德思礼,德思礼先生,父亲
玛姬·德思礼,德思礼夫人,母亲
玛姬·德思礼,达力·德思礼,侄子
玛莎·斯图尔特,伊索特·塞耶,儿媳
玛莎·斯图尔特,斯图尔特家族,从属
玛莎·斯图尔特,玛莎·斯图尔特二世,孙女
玛莎·斯图尔特,詹姆·斯图尔特,儿子
玛莎·斯图尔特,雷欧娜·斯图尔特,孙女
玛莎·斯图尔特二世,伊尔弗莫尼魔法学校,从属
玛莎·斯图尔特二世,伊索特·塞耶,母亲
玛莎·斯图尔特二世,威廉·塞耶,外祖父
玛莎·斯图尔特二世,斯图尔特家族,从属
玛莎·斯图尔特二世,查威克·布特,被收养的哥哥
玛莎·斯图尔特二世,玛莎·斯图尔特,祖母
玛莎·斯图尔特二世,詹姆·斯图尔特,父亲
玛莎·斯图尔特二世,雷欧娜·塞耶,外祖母
玛莎·斯图尔特二世,雷欧娜·斯图尔特,双胞胎妹妹
玛莎·斯图尔特二世,韦伯·布特,被收养的哥哥
珀西·韦斯莱,乔治·韦斯莱,弟弟
珀西·韦斯莱,亚瑟·韦斯莱,父亲
珀西·韦斯莱,吉迪翁·普威特,舅舅
珀西·韦斯莱,塞德瑞拉·布莱克,祖母
珀西·韦斯莱,塞普蒂默斯·韦斯莱,祖父
珀西·韦斯莱,多米尼克·韦斯莱,侄女
珀西·韦斯莱,奥黛丽·韦斯莱,嫂子
珀西·韦斯莱,安吉利娜·约翰逊,嫂子
珀西·韦斯莱,弗雷德·韦斯莱,弟弟
珀西·韦斯莱,弗雷德·韦斯莱二世,侄子
珀西·韦斯莱,普威特先生,外祖父
珀西·韦斯莱,普威特夫人,外祖母
珀西·韦斯莱,查理·韦斯莱,哥哥
珀西·韦斯莱,格兰芬多,从属
珀西·韦斯莱,格兰芬多级长,从属
珀西·韦斯莱,比利尔斯,叔叔
珀西·韦斯莱,比尔·韦斯莱,哥哥
珀西·韦斯莱,男生学生会主席,从属
珀西·韦斯莱,维克托娃·韦斯莱,侄女
珀西·韦斯莱,罗丝·韦斯莱,侄女
珀西·韦斯莱,罗克珊·韦斯莱,侄女
珀西·韦斯莱,罗恩·韦斯莱,弟弟
珀西·韦斯莱,芙蓉·德拉库尔,嫂子
珀西·韦斯莱,莫丽·韦斯莱,母亲
珀西·韦斯莱,莫丽·韦斯莱二世,侄女
珀西·韦斯莱,费比安·普威特,舅舅
珀西·韦斯莱,赫敏·格兰杰,嫂子
珀西·韦斯莱,路易·韦斯莱,侄子
珀西·韦斯莱,雨果·韦斯莱,侄子
珀西·韦斯莱,霍格沃茨魔法学校,从属
珀西·韦斯莱,露西·韦斯莱,侄女
珀西·韦斯莱,韦斯莱家族,从属
珀西·韦斯莱,魔法部部长初级助理,从属
珀西瓦尔·格雷维斯,傲罗,职业
珀西瓦尔·格雷维斯,刚度富士·格雷维斯,祖先
珀西瓦尔·格雷维斯,格雷维斯家族,从属
珀西瓦尔·格雷维斯,美国魔法国会,从属
珀西瓦尔·格雷维斯,调查组,从属
珀西瓦尔·格雷维斯,魔法安全主管,职业
珀西瓦尔·格雷维斯,魔法法律执行部,从属
珀西瓦尔·格雷维斯,魔法法律执行部司长,职业
瑟拉菲娜·皮奎利,伊尔弗莫尼魔法学校,从属
瑟拉菲娜·皮奎利,皮奎利家族,从属
瑟拉菲娜·皮奎利,美国魔法国会,从属
瑟拉菲娜·皮奎利,长角水蛇,从属
瑟达德·冯塔纳,美国魔法国会,从属
破釜酒吧女老板,赫敏·格兰杰,合作
秋·张,张先生,父亲
秋·张,张夫人,母亲
秋·张,张氏家庭,从属
秋·张,拉文克劳学院,从属
秋·张,拉文克劳魁地奇球队,从属
秋·张,邓布利多军,从属
秋·张,霍格沃茨魔法学校,从属
秋·张,麻瓜,丈夫
秋·张的丈夫,张先生,岳父
秋·张的丈夫,张夫人,岳母
秋·张的丈夫,张氏家庭,从属
秋·张的丈夫,秋·张,妻子
科沃斯·莱斯特兰奇一世,埃格朗蒂纳·莱斯特兰奇,孙女
科沃斯·莱斯特兰奇一世,法尔科·莱斯特兰奇,儿子
科沃斯·莱斯特兰奇一世,玛农·莱斯特兰奇,孙女
科沃斯·莱斯特兰奇一世,科沃斯·莱斯特兰奇,儿子
科沃斯·莱斯特兰奇一世,科沃斯·莱斯特兰奇,孙子
科沃斯·莱斯特兰奇一世,科沃斯·莱斯特兰奇,曾孙
科沃斯·莱斯特兰奇一世,科沃斯·莱斯特兰奇,玄孙
科沃斯·莱斯特兰奇一世,米内特·罗齐尔,儿媳
科沃斯·莱斯特兰奇一世,若塞特·莱斯特兰奇,孙女
科沃斯·莱斯特兰奇一世,莉塔·莱斯特兰奇,玄孙女
科沃斯·莱斯特兰奇一世,莱奥妮·莱斯特兰奇,孙女
科沃斯·莱斯特兰奇一世,萨洛梅·沃朗,儿媳
科沃斯·莱斯特兰奇一世,西里尔·莱斯特兰奇,哥哥
科沃斯·莱斯特兰奇一世,赫洛伊丝·博福特,妻子
科沃斯·莱斯特兰奇一世,达雷纳·莫罗,弟媳
科沃斯·莱斯特兰奇三世,于盖特·佩罗,外甥女
科沃斯·莱斯特兰奇三世,克拉里斯·特朗布莱,儿媳
科沃斯·莱斯特兰奇三世,劳瑞娜·卡玛,儿媳
科沃斯·莱斯特兰奇三世,埃格朗蒂纳·莱斯特兰奇,妻子
科沃斯·莱斯特兰奇三世,塞巴斯蒂安·佩罗,姐夫
科沃斯·莱斯特兰奇三世,奥迪勒·佩罗,外甥女
科沃斯·莱斯特兰奇三世,法尔科·莱斯特兰奇,叔叔
科沃斯·莱斯特兰奇三世,洛雷勒·佩罗,外甥女
科沃斯·莱斯特兰奇三世,玛农·莱斯特兰奇,姐姐
科沃斯·莱斯特兰奇三世,科沃斯·莱斯特兰奇一世,祖父
科沃斯·莱斯特兰奇三世,科沃斯·莱斯特兰奇二世,父亲
科沃斯·莱斯特兰奇三世,科沃斯·莱斯特兰奇五世,孙子
科沃斯·莱斯特兰奇三世,科沃斯·莱斯特兰奇四世,儿子
科沃斯·莱斯特兰奇三世,米内特·罗齐尔,母亲
科沃斯·莱斯特兰奇三世,若塞特·莱斯特兰奇,姐姐
科沃斯·莱斯特兰奇三世,莉塔·莱斯特兰奇,孙女
科沃斯·莱斯特兰奇三世,莱奥妮·莱斯特兰奇,小姨子
科沃斯·莱斯特兰奇三世,萨洛梅·沃朗,婶婶
科沃斯·莱斯特兰奇三世,西里尔·莱斯特兰奇一世,伯祖父
科沃斯·莱斯特兰奇三世,赫洛伊丝·博福特,祖母
科沃斯·莱斯特兰奇三世,路易·盖奇,外甥
科沃斯·莱斯特兰奇三世,雷纳尔·盖奇,姐夫
科沃斯·莱斯特兰奇三世,马蒂斯·盖奇,外甥
科沃斯·莱斯特兰奇二世,于盖特·佩罗,外孙女
科沃斯·莱斯特兰奇二世,克拉里斯·特朗布莱,外侄孙女
科沃斯·莱斯特兰奇二世,埃格朗蒂纳·莱斯特兰奇,侄女
科沃斯·莱斯特兰奇二世,塞巴斯蒂安·佩罗,女婿
科沃斯·莱斯特兰奇二世,奥迪勒·佩罗,外孙女
科沃斯·莱斯特兰奇二世,法尔科·特朗布莱,外侄孙
科沃斯·莱斯特兰奇二世,法尔科·莱斯特兰奇,弟弟
科沃斯·莱斯特兰奇二世,洛雷勒·佩罗,外孙女
科沃斯·莱斯特兰奇二世,玛农·莱斯特兰奇,女儿
科沃斯·莱斯特兰奇二世,科沃斯·莱斯特兰奇一世,父亲
科沃斯·莱斯特兰奇二世,科沃斯·莱斯特兰奇三世,儿子
科沃斯·莱斯特兰奇二世,科沃斯·莱斯特兰奇四世,孙子
科沃斯·莱斯特兰奇二世,米内特·罗齐尔,妻子
科沃斯·莱斯特兰奇二世,若塞特·莱斯特兰奇,女儿
科沃斯·莱斯特兰奇二世,莱奥妮·莱斯特兰奇,侄女
科沃斯·莱斯特兰奇二世,萨洛梅·沃朗,弟媳
科沃斯·莱斯特兰奇二世,赫洛伊丝·博福特,母亲
科沃斯·莱斯特兰奇二世,路易·盖奇,外孙
科沃斯·莱斯特兰奇二世,雷纳尔·盖奇,女婿
科沃斯·莱斯特兰奇二世,马蒂斯·盖奇,外孙
科沃斯·莱斯特兰奇五世,伯纳德·特朗布莱,外祖父
科沃斯·莱斯特兰奇五世,克拉里斯·特朗布莱,母亲
科沃斯·莱斯特兰奇五世,埃格朗蒂纳·莱斯特兰奇,祖母
科沃斯·莱斯特兰奇五世,法尔科·特朗布莱,小舅
科沃斯·莱斯特兰奇五世,科沃斯·莱斯特兰奇三世,祖父
科沃斯·莱斯特兰奇五世,科沃斯·莱斯特兰奇四世,父亲
科沃斯·莱斯特兰奇五世,莉塔·莱斯特兰奇,同父异母的姐姐
科沃斯·莱斯特兰奇五世,莱奥妮·莱斯特兰奇,外祖母
科沃斯·莱斯特兰奇四世,克拉里斯·特朗布莱,第二任妻子
科沃斯·莱斯特兰奇四世,劳瑞娜·卡玛,第一任妻子
科沃斯·莱斯特兰奇四世,埃格朗蒂纳·莱斯特兰奇,母亲
科沃斯·莱斯特兰奇四世,科沃斯·莱斯特兰奇,曾祖父
科沃斯·莱斯特兰奇四世,科沃斯·莱斯特兰奇,父亲
科沃斯·莱斯特兰奇四世,科沃斯·莱斯特兰奇,祖父
科沃斯·莱斯特兰奇四世,科沃斯·莱斯特兰奇,第二次婚姻的儿子
科沃斯·莱斯特兰奇四世,米内特·罗齐尔,祖母
科沃斯·莱斯特兰奇四世,莉塔·莱斯特兰奇,第一次婚姻的女儿
穆斯塔法·卡玛,劳瑞娜·卡玛,妻子
穆斯塔法·卡玛,尤瑟夫·卡玛,儿子
米兰达·戈沙克,坦维斯尔·戈沙克,姐姐
米兰达·戈沙克,戈沙克先生,父亲
米兰达·戈沙克,戈沙克夫人,母亲
米兰达·戈沙克,罗米达·戈沙克,姐姐
米兰达·戈沙克,迪亚德玛·戈沙克,姐姐
米内特·罗齐尔,于盖特·佩罗,外孙女
米内特·罗齐尔,埃格朗蒂纳·莱斯特兰奇,侄女
米内特·罗齐尔,塞巴斯蒂安·佩罗,女婿
米内特·罗齐尔,奥迪勒·佩罗,外孙女
米内特·罗齐尔,洛雷勒·佩罗,外孙女
米内特·罗齐尔,玛农·莱斯特兰奇,女儿
米内特·罗齐尔,科沃斯·莱斯特兰奇,丈夫
米内特·罗齐尔,科沃斯·莱斯特兰奇,儿子
米内特·罗齐尔,科沃斯·莱斯特兰奇,公公
米内特·罗齐尔,科沃斯·莱斯特兰奇,孙子
米内特·罗齐尔,罗齐尔家族,从属
米内特·罗齐尔,若塞特·莱斯特兰奇,女儿
米内特·罗齐尔,莱斯特兰奇家族,从属
米内特·罗齐尔,赫洛伊丝·博福特,婆婆
米内特·罗齐尔,路易·盖奇,外孙
米内特·罗齐尔,雷纳尔·盖奇,女婿
米内特·罗齐尔,马蒂斯·盖奇,外孙
米勒娃·麦格,凤凰社,从属
米勒娃·麦格,变形学系,从属
米勒娃·麦格,哈利·波特,师生
米勒娃·麦格,埃尔科特家族,从属
米勒娃·麦格,奥利弗·伍德,师生
米勒娃·麦格,弗雷德·韦斯莱,师生
米勒娃·麦格,德拉科·马尔福,师生
米勒娃·麦格,格兰芬多,从属
米勒娃·麦格,格兰芬多学院院长,职业
米勒娃·麦格,格兰芬多魁地奇球队,从属
米勒娃·麦格,秋·张,师生
米勒娃·麦格,纳威·隆巴顿,师生
米勒娃·麦格,罗恩·韦斯莱,师生
米勒娃·麦格,罗斯先生,外祖父
米勒娃·麦格,罗斯夫人,外祖母
米勒娃·麦格,芙蓉·德拉库尔,师生
米勒娃·麦格,英国魔法部,从属
米勒娃·麦格,赫敏·格兰杰,师生
米勒娃·麦格,邓布利多军,从属
米勒娃·麦格,阿不思·邓布利多,从属
米勒娃·麦格,霍格沃茨魔法学校,从属
米勒娃·麦格,霍格沃茨魔法学校副校长,职业
米勒娃·麦格,霍格沃茨魔法学校变形学系主任,职业
米勒娃·麦格,魔法法律执行司,从属
米勒娃·麦格,魔法法律执行司雇员,职业
米勒娃·麦格,鲁伯·海格,合作
米勒娃·麦格,麦格家族,从属
米里森·巴格诺,英国魔法部,从属
米里森·巴格诺,霍格沃茨,从属
约拉·布莱克,乌尔苏拉·弗林特,嫂子
约拉·布莱克,埃拉朵拉·布莱克,姐姐
约拉·布莱克,天狼星·布莱克一世,哥哥
约拉·布莱克,天狼星·布莱克二世,侄子
约拉·布莱克,菲尼亚斯·奈杰勒斯·布莱克,哥哥
约拉·布莱克,菲尼亚斯·布莱克,侄子
约拉·布莱克,西格纳斯·布莱克二世,侄子
约拉·布莱克,贝尔维娜·布莱克,侄女
约拉·布莱克,阿克图勒斯·布莱克二世,侄子
约拉·布莱克,鲍勃·希钦斯,丈夫
纳威·隆巴顿,S.P.E.W.,从属
纳威·隆巴顿,–,职业
纳威·隆巴顿,傲罗,职业
纳威·隆巴顿,傲罗办公室,从属
纳威·隆巴顿,卡莉朵拉·布莱克,可能是亲戚
纳威·隆巴顿,哈利·波特,从属
纳威·隆巴顿,哈方·隆巴顿,可能是亲戚
纳威·隆巴顿,奥古斯塔·隆巴顿,奶奶
纳威·隆巴顿,弗兰克·隆巴顿,父亲
纳威·隆巴顿,格兰芬多,从属
纳威·隆巴顿,汉娜·隆巴顿,妻子
纳威·隆巴顿,爱丽丝·隆巴顿,母亲
纳威·隆巴顿,秋·张,同门
纳威·隆巴顿,艾伯特家族,从属
纳威·隆巴顿,艾尼德,婶婶
纳威·隆巴顿,英国魔法部,从属
纳威·隆巴顿,草药学部,从属
纳威·隆巴顿,邓布利多军,从属
纳威·隆巴顿,阿尔吉,叔叔
纳威·隆巴顿,阿布斯·邓布利多,从属
纳威·隆巴顿,隆巴顿家族,从属
纳威·隆巴顿,霍格沃茨魔法学校,从属
纳威·隆巴顿,鼻涕虫俱乐部,从属
纳西莎·马尔福,伊尔玛·克拉布,祖母
纳西莎·马尔福,卢修斯·马尔福,丈夫
纳西莎·马尔福,安多米达·唐克斯,姊姊
纳西莎·马尔福,小天狼星·布莱克,表弟
纳西莎·马尔福,尼法朵拉·唐克斯,外甥女
纳西莎·马尔福,布莱克家族,母氏家族
纳西莎·马尔福,帕勒克斯·布莱克,祖父
纳西莎·马尔福,德拉科·马尔福,長子
纳西莎·马尔福,德鲁埃拉·罗齐尔,母亲
纳西莎·马尔福,拉巴斯坦·莱斯特兰奇,小叔
纳西莎·马尔福,斯莱特林,从属
纳西莎·马尔福,泰德·唐克斯,姊夫
纳西莎·马尔福,罗道夫斯·莱斯特兰奇,姊夫
纳西莎·马尔福,罗齐尔家族,母氏家族
纳西莎·马尔福,西格纳斯·布莱克三世,父亲
纳西莎·马尔福,贝拉特里克斯·莱斯特兰奇,姊姊
纳西莎·马尔福,雷古勒斯·布莱克,表弟
纳西莎·马尔福,马尔福家族,从属
纽特·斯卡曼德,卢娜·洛夫古德,孙媳婦
纽特·斯卡曼德,奎妮·戈德斯坦,小姨
纽特·斯卡曼德,戈德斯坦先生,岳父
纽特·斯卡曼德,戈德斯坦夫人,岳母
纽特·斯卡曼德,斯卡曼德家族,从属
纽特·斯卡曼德,梅林爵士团,从属
纽特·斯卡曼德,洛肯·斯卡曼德,曾孙
纽特·斯卡曼德,神奇动物学家,职业
纽特·斯卡曼德,罗夫·斯卡曼德,孙子
纽特·斯卡曼德,英国魔法部,从属
纽特·斯卡曼德,莱桑德·斯卡曼德,曾孙
纽特·斯卡曼德,赫奇帕奇学院,从属
纽特·斯卡曼德,霍格沃茨魔法学校,从属
纽特·斯卡曼德,魔法生物管理控制司,从属
纽特·斯卡曼德,魔法生物管理控制司野兽办公室,职业
维努西亚·奎克利,傲罗,职业
维努西亚·奎克利,傲罗办公室,从属
维努西亚·奎克利,英国魔法部,从属
维努西亚·奎克利,英国魔法部部长,职业
维奥莱塔·伯斯德,乌尔苏拉·弗林特,婆婆
维奥莱塔·伯斯德,伊尔玛·克拉布,儿媳
维奥莱塔·伯斯德,伯斯德家族,从属
维奥莱塔·伯斯德,卡西欧佩娅·布莱克,女儿
维奥莱塔·伯斯德,多瑞娅·布莱克,女儿
维奥莱塔·伯斯德,布莱克家族,从属
维奥莱塔·伯斯德,帕勒克斯·布莱克,儿子
维奥莱塔·伯斯德,查勒斯·波特,女婿
维奥莱塔·伯斯德,沃尔布加·布莱克,孙女
维奥莱塔·伯斯德,菲尼亚斯·奈杰勒斯·布莱克,公公
维奥莱塔·伯斯德,西格纳斯·布莱克三世,孙子
维奥莱塔·伯斯德,西格纳斯·布莱克二世,丈夫
维奥莱塔·伯斯德,阿尔法德·布莱克,孙子
维奥莱塔·伯斯德,马里厄斯·布莱克,儿子
罗丝·韦斯莱,亚瑟·韦斯莱,祖父
罗丝·韦斯莱,哈利·波特,姑父
罗丝·韦斯莱,普威特家族,从属
罗丝·韦斯莱,格兰杰先生,外祖父
罗丝·韦斯莱,格兰杰夫人,外祖母
罗丝·韦斯莱,格兰杰家庭,从属
罗丝·韦斯莱,波特家族,从属
罗丝·韦斯莱,罗恩·韦斯莱,父亲
罗丝·韦斯莱,莉莉·卢娜·波特,表姐妹
罗丝·韦斯莱,莫丽·韦斯莱,祖母
罗丝·韦斯莱,詹姆·小天狼星·波特,表兄弟
罗丝·韦斯莱,赫敏·格兰杰,母亲
罗丝·韦斯莱,金妮·韦斯莱,姑姑
罗丝·韦斯莱,阿不思·西弗勒斯·波特,表弟
罗丝·韦斯莱,雨果·韦斯莱,弟弟
罗丝·韦斯莱,霍格沃茨魔法学校,从属
罗丝·韦斯莱,韦斯莱家族,从属
罗伊斯顿·埃德温德,ICWQC国际主管,职业
罗伊斯顿·埃德温德,澳大利亚魁地奇国家队追球手,职业
罗伊登·波克,魔法生物管理控制司,从属
罗伊登·波克,魔法部,从属
罗伊纳·拉文克劳,拉文克劳家族,从属
罗伊纳·拉文克劳,海莲娜·拉文克劳,女儿
罗伊纳·拉文克劳,霍格沃茨魔法学校,从属
罗伯特·葛林斯汀奇,美国魔法国会,从属
罗克珊·韦斯莱,乔治·韦斯莱,父亲
罗克珊·韦斯莱,亚瑟·韦斯莱,祖父
罗克珊·韦斯莱,安吉利娜·约翰逊,母亲
罗克珊·韦斯莱,安吉利娜·约翰逊的父亲,外祖父
罗克珊·韦斯莱,弗雷德·韦斯莱,伯父
罗克珊·韦斯莱,弗雷德·韦斯莱二世,哥哥
罗克珊·韦斯莱,约翰逊家庭,从属
罗克珊·韦斯莱,莫丽·韦斯莱,祖母
罗克珊·韦斯莱,韦斯莱家族,从属
罗夫·斯卡曼德,《预言家日报》神奇动物学首席顾问,职业
罗夫·斯卡曼德,卢娜·洛夫古德,妻子
罗夫·斯卡曼德,奎妮·戈德斯坦,姨祖母
罗夫·斯卡曼德,安东尼·戈德斯坦,远亲
罗夫·斯卡曼德,斯卡曼德家族,从属
罗夫·斯卡曼德,波尔蓬蒂娜·斯卡曼德,祖母
罗夫·斯卡曼德,洛夫古德家庭,从属
罗夫·斯卡曼德,洛肯·斯卡曼德,儿子
罗夫·斯卡曼德,潘多拉·洛夫古德,岳母
罗夫·斯卡曼德,神奇动物学家,职业
罗夫·斯卡曼德,纽特·斯卡曼德,祖父
罗夫·斯卡曼德,莱桑德·斯卡曼德,儿子
罗夫·斯卡曼德,谢诺菲留斯·洛夫古德,岳父
罗夫·斯卡曼德,预言家日报,从属
罗恩·韦斯莱,乔治·韦斯莱,哥哥
罗恩·韦斯莱,亚瑟·韦斯莱,父亲
罗恩·韦斯莱,傲罗,职业
罗恩·韦斯莱,凤凰社,从属
罗恩·韦斯莱,卢娜·洛夫古德,同门
罗恩·韦斯莱,吉迪翁·普威特,舅舅
罗恩·韦斯莱,哈利·波特,从属
罗恩·韦斯莱,哈利·波特,内弟
罗恩·韦斯莱,塞德瑞拉·布莱克,祖母
罗恩·韦斯莱,塞德里克·迪戈里,同门
罗恩·韦斯莱,塞普蒂默斯·韦斯莱,祖父
罗恩·韦斯莱,多米尼克·韦斯莱,侄女
罗恩·韦斯莱,奥利弗·伍德,同门
罗恩·韦斯莱,奥黛丽·韦斯莱,嫂子
罗恩·韦斯莱,安吉利娜·约翰逊,嫂子
罗恩·韦斯莱,家养小精灵解放阵线,从属
罗恩·韦斯莱,弗雷德·韦斯莱,哥哥
罗恩·韦斯莱,弗雷德·韦斯莱二世,侄子
罗恩·韦斯莱,德拉科·马尔福,同门
罗恩·韦斯莱,扎卡赖斯·史密斯,同门
罗恩·韦斯莱,普威特先生,外祖父
罗恩·韦斯莱,普威特夫人,外祖母
罗恩·韦斯莱,普威特家族,从属
罗恩·韦斯莱,杜戈尔·麦格雷格,学生
罗恩·韦斯莱,查德里火炮队,从属
罗恩·韦斯莱,查理·韦斯莱,哥哥
罗恩·韦斯莱,格兰杰先生,岳父
罗恩·韦斯莱,格兰杰夫人,岳母
罗恩·韦斯莱,格兰杰家庭,从属
罗恩·韦斯莱,格兰芬多魁地奇球队,从属
罗恩·韦斯莱,比利尔斯,叔叔
罗恩·韦斯莱,比尔·韦斯莱,哥哥
罗恩·韦斯莱,泰丝,姨婆
罗恩·韦斯莱,珀西·韦斯莱,哥哥
罗恩·韦斯莱,秋·张,同门
罗恩·韦斯莱,穆丽尔,姨婆
罗恩·韦斯莱,纳威·隆巴顿,同门
罗恩·韦斯莱,维克托娃·韦斯莱,侄女
罗恩·韦斯莱,罗丝·韦斯莱,女儿
罗恩·韦斯莱,罗克珊·韦斯莱,侄女
罗恩·韦斯莱,芙蓉·德拉库尔,嫂子
罗恩·韦斯莱,莉莉·卢娜·波特,外甥女
罗恩·韦斯莱,莫丽·韦斯莱二世,侄女
罗恩·韦斯莱,莫丽·韦斯莱，原姓普威特,母亲
罗恩·韦斯莱,莱姆斯·卢平,学生
罗恩·韦斯莱,詹姆·小天狼星·波特,外甥
罗恩·韦斯莱,费比安·普威特,舅舅
罗恩·韦斯莱,赫敏·格兰杰,妻子
罗恩·韦斯莱,路易·韦斯莱,侄子
罗恩·韦斯莱,邓布利多军,从属
罗恩·韦斯莱,金妮·韦斯莱,妹妹
罗恩·韦斯莱,阿不思·西弗勒斯·波特,外甥
罗恩·韦斯莱,阿拉斯托·穆迪,学生
罗恩·韦斯莱,雨果·韦斯莱,儿子
罗恩·韦斯莱,霍格沃茨魔法学校,从属
罗恩·韦斯莱,露西·韦斯莱,侄女
罗恩·韦斯莱,韦斯莱家族,从属
罗恩·韦斯莱,韦斯莱魔法把戏坊,从属
罗恩·韦斯莱,韦斯莱魔法把戏坊雇员,职业
罗恩·韦斯莱,魔法部,从属
罗恩·韦斯莱,鲁伯·海格,学生
老亨利·肖,兰登·肖,儿子
老亨利·肖,小亨利·肖,儿子
老罗伯特·麦格,伊泽贝尔·罗斯,妻子
老罗伯特·麦格,埃尔芬斯通·埃尔科特,女婿
老罗伯特·麦格,小罗伯特·麦格,儿子
老罗伯特·麦格,米勒娃,太岳母
老罗伯特·麦格,米勒娃·麦格,女儿
老罗伯特·麦格,罗斯先生,岳父
老罗伯特·麦格,罗斯夫人,岳母
老罗伯特·麦格,马尔科姆·麦格,儿子
老罗伯特·麦格,麦格先生,父亲
老罗伯特·麦格,麦格夫人,母亲
老罗伯特·麦格的母亲,伊泽贝尔·罗斯,儿媳
老罗伯特·麦格的母亲,小罗伯特·麦格,孙子
老罗伯特·麦格的母亲,米勒娃·麦格,孙女
老罗伯特·麦格的母亲,老罗伯特·麦格,儿子
老罗伯特·麦格的母亲,马尔科姆·麦格,孙子
老罗伯特·麦格的母亲,麦格先生,丈夫
老罗伯特·麦格的父亲,伊泽贝尔·罗斯,儿媳
老罗伯特·麦格的父亲,小罗伯特·麦格,孙子
老罗伯特·麦格的父亲,米勒娃·麦格,孙女
老罗伯特·麦格的父亲,老罗伯特·麦格,儿子
老罗伯特·麦格的父亲,马尔科姆·麦格,孙子
老罗伯特·麦格的父亲,麦格夫人,妻子
考迈克·奥布莱恩,美国魔法国会,从属
肯尼思·托勒,霍格沃茨魔法学校,从属
胖修士,天主教堂,从属
胖修士,霍格沃茨魔法学校,从属
艾欧兰斯·佩弗利尔,伊格诺图斯·佩弗利尔,祖父
艾欧兰斯·佩弗利尔,佩弗利尔,父亲
艾欧兰斯·佩弗利尔,佩弗利尔家族,从属
艾欧兰斯·佩弗利尔,哈德温·波特,丈夫
艾欧兰斯·佩弗利尔,斯廷奇库姆的林弗雷德,公公
艾欧兰斯·佩弗利尔,波特家族,从属
艾琳·普林斯,托比亚·斯内普,丈夫
艾琳·普林斯,斯内普家庭,从属
艾琳·普林斯,普林斯家庭,从属
艾琳·普林斯,西弗勒斯·斯内普,儿子
艾琳·普林斯,霍格沃茨魔法学校,从属
芒戈·麦克达夫,美国魔法国会,从属
芙蓉·德拉库尔,乔治·韦斯莱,弟弟
芙蓉·德拉库尔,亚瑟·韦斯莱,公公
芙蓉·德拉库尔,凤凰社,从属
芙蓉·德拉库尔,加布丽·德拉库尔,妹妹
芙蓉·德拉库尔,卢修斯·马尔福,同门
芙蓉·德拉库尔,古灵阁巫师银行,从属
芙蓉·德拉库尔,哈利·波特,从属
芙蓉·德拉库尔,哈利·波特,妹夫
芙蓉·德拉库尔,塞德里克·迪戈里,同门
芙蓉·德拉库尔,多米尼克·韦斯莱,女儿
芙蓉·德拉库尔,奥黛丽·韦斯莱,嫂子
芙蓉·德拉库尔,安吉利娜·约翰逊,嫂子
芙蓉·德拉库尔,布斯巴顿魔法学院,从属
芙蓉·德拉库尔,弗雷德·韦斯莱,弟弟
芙蓉·德拉库尔,弗雷德·韦斯莱二世,外甥
芙蓉·德拉库尔,德拉库尔先生,父亲
芙蓉·德拉库尔,德拉库尔家族,从属
芙蓉·德拉库尔,查理·韦斯莱,弟弟
芙蓉·德拉库尔,比尔·韦斯莱,丈夫
芙蓉·德拉库尔,珀西·韦斯莱,弟弟
芙蓉·德拉库尔,纳威·隆巴顿,同门
芙蓉·德拉库尔,维克托娃·韦斯莱,女儿
芙蓉·德拉库尔,罗丝·韦斯莱,外甥女
芙蓉·德拉库尔,罗克珊·韦斯莱,外甥女
芙蓉·德拉库尔,罗恩·韦斯莱,弟弟
芙蓉·德拉库尔,莉莉·卢娜·波特,侄女
芙蓉·德拉库尔,莫丽·韦斯莱,婆婆
芙蓉·德拉库尔,莫丽·韦斯莱二世,外甥女
芙蓉·德拉库尔,詹姆·小天狼星·波特,侄子
芙蓉·德拉库尔,赫敏·格兰杰,弟媳
芙蓉·德拉库尔,路易·韦斯莱,儿子
芙蓉·德拉库尔,金妮·韦斯莱,小姑
芙蓉·德拉库尔,阿不思·西弗勒斯·波特,侄子
芙蓉·德拉库尔,阿波琳·德拉库尔,母亲
芙蓉·德拉库尔,雨果·韦斯莱,外甥
芙蓉·德拉库尔,露西·韦斯莱,外甥女
芙蓉·德拉库尔,韦斯莱家族,亲家
芙蓉·德拉库尔,韦斯莱家族,从属
芬里尔·格雷伯克,伏地魔,从属
芬里尔·格雷伯克,搜捕队员,从属
芬里尔·格雷伯克,狼人军队,从属
芬里尔·格雷伯克,食死徒,从属
苏珊·博恩斯,博恩斯先生,祖父
苏珊·博恩斯,博恩斯夫人,婶婶
苏珊·博恩斯,博恩斯夫人,祖母
苏珊·博恩斯,博恩斯家庭,从属
苏珊·博恩斯,埃德加·博恩斯,叔叔
苏珊·博恩斯,埃德加·博恩斯的孩子,堂兄弟
苏珊·博恩斯,芙蓉·德拉库尔,同门
苏珊·博恩斯,赫奇帕奇,从属
苏珊·博恩斯,邓布利多军,从属
苏珊·博恩斯,阿米莉亚·博恩斯,姑姑
苏珊·博恩斯,霍格沃茨魔法学校,从属
若塞特·莱斯特兰奇,于盖特·佩罗,外甥女
若塞特·莱斯特兰奇,埃格朗蒂纳·莱斯特兰奇,堂妹
若塞特·莱斯特兰奇,塞巴斯蒂安·佩罗,姐夫
若塞特·莱斯特兰奇,奥迪勒·佩罗,外甥女
若塞特·莱斯特兰奇,洛雷勒·佩罗,外甥女
若塞特·莱斯特兰奇,玛农·莱斯特兰奇,姐姐
若塞特·莱斯特兰奇,盖奇家族,从属
若塞特·莱斯特兰奇,科沃斯·莱斯特兰奇一世,祖父
若塞特·莱斯特兰奇,科沃斯·莱斯特兰奇三世,弟弟
若塞特·莱斯特兰奇,科沃斯·莱斯特兰奇二世,父亲
若塞特·莱斯特兰奇,米内特·罗齐尔,母亲
若塞特·莱斯特兰奇,莱斯特兰奇家族,从属
若塞特·莱斯特兰奇,赫洛伊丝·博福特,祖母
若塞特·莱斯特兰奇,路易·盖奇,儿子
若塞特·莱斯特兰奇,雷纳尔·盖奇,丈夫
若塞特·莱斯特兰奇,马蒂斯·盖奇,儿子
莉塔·莱斯特兰奇,克拉里斯·特朗布莱,继母
莉塔·莱斯特兰奇,劳瑞娜·卡玛,母亲
莉塔·莱斯特兰奇,埃格朗蒂纳·莱斯特兰奇,祖母
莉塔·莱斯特兰奇,尤瑟夫·卡玛,同母异父哥哥
莉塔·莱斯特兰奇,忒修斯·斯卡曼德,未婚夫
莉塔·莱斯特兰奇,托基尔·特拉弗斯助理,职业
莉塔·莱斯特兰奇,斯卡曼德家族,从属
莉塔·莱斯特兰奇,斯莱特林学院,从属
莉塔·莱斯特兰奇,科沃斯·莱斯特兰奇,同父异母弟弟
莉塔·莱斯特兰奇,科沃斯·莱斯特兰奇,父亲
莉塔·莱斯特兰奇,科沃斯·莱斯特兰奇,祖父
莉塔·莱斯特兰奇,英国魔法部,从属
莉塔·莱斯特兰奇,莱斯特兰奇家族,从属
莉塔·莱斯特兰奇,霍格沃茨魔法学校,从属
莉塔·莱斯特兰奇,魔法法律执行司,从属
莉塔·莱斯特兰奇,魔法法律执行司职员,职业
莉莉·伊万斯,伊万斯先生,父亲
莉莉·伊万斯,伊万斯夫人,母亲
莉莉·伊万斯,伊万斯家庭,从属
莉莉·伊万斯,佩妮·德思礼,原姓伊万斯
莉莉·伊万斯,凤凰社,从属
莉莉·伊万斯,哈利·波特,儿子
莉莉·伊万斯,尤菲米娅·波特,婆婆
莉莉·伊万斯,弗农·德思礼,姐夫
莉莉·伊万斯,弗利蒙·波特,公公
莉莉·伊万斯,格兰芬多,从属
莉莉·伊万斯,波特家族,亲家
莉莉·伊万斯,波特家族,从属
莉莉·伊万斯,莉莉·卢娜·波特,孙女
莉莉·伊万斯,詹姆·小天狼星·波特,孙子
莉莉·伊万斯,詹姆·波特,丈夫
莉莉·伊万斯,达力·德思礼,外甥
莉莉·伊万斯,金妮·韦斯莱,儿媳
莉莉·伊万斯,阿不思·西弗勒斯·波特,孙子
莉莉·伊万斯,霍格沃茨魔法学校,从属
莉莉·伊万斯,鼻涕虫俱乐部,从属
莉莉·卢娜·波特,亚瑟·韦斯莱,外祖父
莉莉·卢娜·波特,伊格诺图斯·佩弗利尔,父系祖先
莉莉·卢娜·波特,佩弗利尔家族,从属
莉莉·卢娜·波特,哈利·波特,父亲
莉莉·卢娜·波特,普威特家族,从属
莉莉·卢娜·波特,波特家族,从属
莉莉·卢娜·波特,罗丝·韦斯莱,表姐
莉莉·卢娜·波特,罗恩·韦斯莱,舅舅
莉莉·卢娜·波特,莉莉·伊万斯,祖母
莉莉·卢娜·波特,莫丽·韦斯莱,外祖母
莉莉·卢娜·波特,詹姆·小天狼星·波特,哥哥
莉莉·卢娜·波特,詹姆·波特,祖父
莉莉·卢娜·波特,赫敏·格兰杰,舅母
莉莉·卢娜·波特,金妮·韦斯莱,母亲
莉莉·卢娜·波特,阿不思·西弗勒斯·波特,哥哥
莉莉·卢娜·波特,雨果·韦斯莱,表兄弟
莉莉·卢娜·波特,韦斯莱家族,从属
莉莎·杜平,拉文克劳,从属
莉莎·杜平,霍格沃茨魔法学校,从属
莎莉·史密斯,史密斯家族,从属
莎莉·史密斯,霍格沃茨魔法学校,从属
莎莉安·波克斯,波克斯家庭,从属
莎莉安·波克斯,霍格沃茨魔法学校,从属
莫丽·韦斯莱,乔治·韦斯莱,儿子
莫丽·韦斯莱,凤凰社,从属
莫丽·韦斯莱,吉迪翁·普威特,哥哥
莫丽·韦斯莱,哈利·波特,女婿
莫丽·韦斯莱,塞德瑞拉·布莱克,婆婆
莫丽·韦斯莱,塞普蒂默斯·韦斯莱]],公公
莫丽·韦斯莱,多米尼克·,斯
莫丽·韦斯莱,奥黛丽·韦斯莱,儿媳
莫丽·韦斯莱,弗雷德·,斯
莫丽·韦斯莱,弗雷德·韦斯莱,儿子
莫丽·韦斯莱,普威特家族,从属
莫丽·韦斯莱,查理·韦斯莱,儿子
莫丽·韦斯莱,格兰芬多,从属
莫丽·韦斯莱,比利尔斯,内弟
莫丽·韦斯莱,比尔·韦斯莱,儿子
莫丽·韦斯莱,珀西·韦斯莱,儿子
莫丽·韦斯莱,维克托娃·韦斯莱,孙女
莫丽·韦斯莱,罗丝·韦斯莱,孙女
莫丽·韦斯莱,罗克珊·韦斯莱,孙女
莫丽·韦斯莱,罗恩·韦斯莱,儿子
莫丽·韦斯莱,莉莉·卢娜·波特,外孙女
莫丽·韦斯莱,莫莉·,斯
莫丽·韦斯莱,詹姆·小天狼星·波特,外孙
莫丽·韦斯莱,费比安·普威特,哥哥
莫丽·韦斯莱,赫敏·格兰杰,儿媳
莫丽·韦斯莱,路易·,斯
莫丽·韦斯莱,金妮·韦斯莱,女儿
莫丽·韦斯莱,阿不思·西弗勒斯·波特,外孙
莫丽·韦斯莱,雨果·韦斯莱,孙子
莫丽·韦斯莱,霍格沃茨魔法学校,从属
莫丽·韦斯莱,露西·韦斯莱,孙女
莫丽·韦斯莱,韦斯莱家族,从属
莫丽·韦斯莱二世,乔治·韦斯莱,叔叔
莫丽·韦斯莱二世,亚瑟·韦斯莱,祖父
莫丽·韦斯莱二世,哈利·波特,姑父
莫丽·韦斯莱二世,多米尼克·韦斯莱,堂姐妹
莫丽·韦斯莱二世,奥黛丽·韦斯莱,母亲
莫丽·韦斯莱二世,安吉利娜·约翰逊,婶婶
莫丽·韦斯莱二世,弗雷德·韦斯莱,叔叔
莫丽·韦斯莱二世,弗雷德·韦斯莱二世,堂兄弟
莫丽·韦斯莱二世,查理·韦斯莱,伯父
莫丽·韦斯莱二世,比尔·韦斯莱,伯父
莫丽·韦斯莱二世,珀西·韦斯莱,父亲
莫丽·韦斯莱二世,维克托娃·韦斯莱,堂姐
莫丽·韦斯莱二世,罗丝·韦斯莱,堂姐妹
莫丽·韦斯莱二世,罗克珊·韦斯莱,堂姐妹
莫丽·韦斯莱二世,罗恩·韦斯莱,叔叔
莫丽·韦斯莱二世,芙蓉·德拉库尔,伯母
莫丽·韦斯莱二世,莉莉·卢娜·波特,表姐妹
莫丽·韦斯莱二世,莫丽·韦斯莱,祖母
莫丽·韦斯莱二世,詹姆·小天狼星·波特,表兄弟
莫丽·韦斯莱二世,赫敏·格兰杰,婶婶
莫丽·韦斯莱二世,路易·韦斯莱,堂兄弟
莫丽·韦斯莱二世,金妮·韦斯莱,姑姑
莫丽·韦斯莱二世,阿不思·西弗勒斯·波特,表兄弟
莫丽·韦斯莱二世,雨果·韦斯莱,堂兄弟
莫丽·韦斯莱二世,露西·韦斯莱,妹妹
莫恩,莫恩家族,从属
莫恩,霍格沃茨魔法学校,从属
莫瑞根,伊索特·塞耶,后裔
莫瑞根,威廉·塞耶,后裔
莫迪丝蒂·巴瑞波恩,克莱登斯·巴瑞波恩,义兄
莫迪丝蒂·巴瑞波恩,卡斯提蒂·巴瑞波恩,义姐
莫迪丝蒂·巴瑞波恩,玛丽·卢·巴瑞波恩,养母
莫迪丝蒂·巴瑞波恩的兄弟姐妹,莫迪丝蒂·巴瑞波恩,姐姐
莫迪丝蒂·巴瑞波恩的母亲,莫迪丝蒂·巴瑞波恩,女儿
莫迪丝蒂·巴瑞波恩的父亲,莫迪丝蒂·巴瑞波恩,女儿
莱奥妮·莱斯特兰奇,伯纳德·特朗布莱,丈夫
莱奥妮·莱斯特兰奇,克拉里斯·特朗布莱,女儿
莱奥妮·莱斯特兰奇,埃格朗蒂纳·莱斯特兰奇,姐姐
莱奥妮·莱斯特兰奇,法尔科·特朗布莱,儿子
莱奥妮·莱斯特兰奇,法尔科·莱斯特兰奇,父亲
莱奥妮·莱斯特兰奇,特朗布莱家族,从属
莱奥妮·莱斯特兰奇,科沃斯·莱斯特兰奇,伯父
莱奥妮·莱斯特兰奇,科沃斯·莱斯特兰奇,外甥
莱奥妮·莱斯特兰奇,科沃斯·莱斯特兰奇,孙子
莱奥妮·莱斯特兰奇,科沃斯·莱斯特兰奇,祖父
莱奥妮·莱斯特兰奇,莱斯特兰奇家族,从属
莱奥妮·莱斯特兰奇,萨洛梅·沃朗,母亲
莱奥妮·莱斯特兰奇,赫洛伊丝·博福特,祖母
莱姆斯·卢平,凤凰社,从属
莱姆斯·卢平,劫盗者,从属
莱姆斯·卢平,卢娜·洛夫古德,师生
莱姆斯·卢平,卢平家族,从属
莱姆斯·卢平,唐克斯家庭,从属
莱姆斯·卢平,安多米达·唐克斯,岳母
莱姆斯·卢平,尼法朵拉·唐克斯,妻子
莱姆斯·卢平,德拉科·马尔福,师生
莱姆斯·卢平,波特家族,从属
莱姆斯·卢平,泰德·唐克斯,岳父
莱姆斯·卢平,泰迪·卢平,儿子
莱姆斯·卢平,秋·张,师生
莱姆斯·卢平,莱尔·卢平,父亲
莱姆斯·卢平,詹姆·波特,同门
莱姆斯·卢平,赫敏·格兰杰,师生
莱姆斯·卢平,阿拉斯托·穆迪,合作
莱姆斯·卢平,霍普·卢平,母亲
莱姆斯·卢平,霍格沃茨魔法学校,从属
莱桑德·斯卡曼德,卢娜·洛夫古德,母亲
莱桑德·斯卡曼德,斯卡曼德家族,从属
莱桑德·斯卡曼德,洛夫古德家族,从属
莱桑德·斯卡曼德,洛肯·斯卡曼德,孪生兄弟
莱桑德·斯卡曼德,潘多拉·洛夫古德,外祖母
莱桑德·斯卡曼德,罗夫·斯卡曼德,父亲
莱桑德·斯卡曼德,谢诺菲留斯·洛夫古德,外祖父
莱桑德拉·亚克斯利,乌尔苏拉·弗林特,婆婆
莱桑德拉·亚克斯利,亚克斯利家族,从属
莱桑德拉·亚克斯利,亚瑟·韦斯莱,外孙
莱桑德拉·亚克斯利,卡斯帕·克劳奇,女婿
莱桑德拉·亚克斯利,卡莉朵拉·布莱克,女儿
莱桑德拉·亚克斯利,哈方·隆巴顿,女婿
莱桑德拉·亚克斯利,塞德瑞拉·布莱克,女儿
莱桑德拉·亚克斯利,塞普蒂默斯·韦斯莱,女婿
莱桑德拉·亚克斯利,布莱克家族,从属
莱桑德拉·亚克斯利,查莉丝·布莱克,女儿
莱桑德拉·亚克斯利,菲尼亚斯·奈杰勒斯·布莱克,公公
莱桑德拉·亚克斯利,阿克图勒斯·布莱克二世,丈夫
菲尼亚斯·奈杰勒斯·布莱克,乌尔苏拉·弗林特,妻子
菲尼亚斯·奈杰勒斯·布莱克,卡莉朵拉·布莱克,孙女
菲尼亚斯·奈杰勒斯·布莱克,卡西欧佩娅·布莱克,孙女
菲尼亚斯·奈杰勒斯·布莱克,埃拉朵拉·布莱克,妹妹
菲尼亚斯·奈杰勒斯·布莱克,塞德瑞拉·布莱克,孙女
菲尼亚斯·奈杰勒斯·布莱克,多瑞娅·布莱克,孙女
菲尼亚斯·奈杰勒斯·布莱克,天狼星·布莱克一世,哥哥
菲尼亚斯·奈杰勒斯·布莱克,天狼星·布莱克二世,儿子
菲尼亚斯·奈杰勒斯·布莱克,布莱克家族,从属
菲尼亚斯·奈杰勒斯·布莱克,帕勒克斯·布莱克,孙子
菲尼亚斯·奈杰勒斯·布莱克,查莉丝·布莱克,孙女
菲尼亚斯·奈杰勒斯·布莱克,海斯帕·甘普,儿媳
菲尼亚斯·奈杰勒斯·布莱克,约拉·布莱克,妹妹
菲尼亚斯·奈杰勒斯·布莱克,维奥莱塔·伯斯德,儿媳
菲尼亚斯·奈杰勒斯·布莱克,莱克里丝·布莱克,孙女
菲尼亚斯·奈杰勒斯·布莱克,莱桑德拉·亚克斯利,儿媳
菲尼亚斯·奈杰勒斯·布莱克,菲尼亚斯·布莱克,儿子
菲尼亚斯·奈杰勒斯·布莱克,西格纳斯·布莱克二世,儿子
菲尼亚斯·奈杰勒斯·布莱克,贝尔维娜·布莱克,女儿
菲尼亚斯·奈杰勒斯·布莱克,赫伯特·博克,女婿
菲尼亚斯·奈杰勒斯·布莱克,阿克图勒斯·布莱克三世,孙子
菲尼亚斯·奈杰勒斯·布莱克,阿克图勒斯·布莱克二世,儿子
菲尼亚斯·奈杰勒斯·布莱克,雷古勒斯·布莱克一世,孙子
菲尼亚斯·奈杰勒斯·布莱克,霍格沃茨魔法学校,从属
菲尼亚斯·奈杰勒斯·布莱克,马里厄斯·布莱克,孙子
菲尼亚斯·奈杰勒斯·布莱克,鲍勃·希钦斯,妹夫
菲尼亚斯·布莱克,乌尔苏拉·弗林特,母亲
菲尼亚斯·布莱克,天狼星·布莱克二世,哥哥
菲尼亚斯·布莱克,菲尼亚斯·奈杰勒斯·布莱克,父亲
菲尼亚斯·布莱克,西格纳斯·布莱克二世,弟弟
菲尼亚斯·布莱克,贝尔维娜·布莱克,妹妹
菲尼亚斯·布莱克,阿克图勒斯·布莱克二世,弟弟
萨拉查·斯莱特林,斯莱特林,从属
萨拉查·斯莱特林,斯莱特林家族,从属
萨拉查·斯莱特林,霍格沃茨魔法学校,从属
萨洛梅·沃朗,伯纳德·特朗布莱,女婿
萨洛梅·沃朗,克拉里斯·特朗布莱,外孙女
萨洛梅·沃朗,埃格朗蒂纳·莱斯特兰奇,女儿
萨洛梅·沃朗,沃朗家族,从属
萨洛梅·沃朗,法尔科·特朗布莱,外孙
萨洛梅·沃朗,法尔科·莱斯特兰奇,丈夫
萨洛梅·沃朗,科沃斯·莱斯特兰奇一世,公公
萨洛梅·沃朗,科沃斯·莱斯特兰奇三世,女婿
萨洛梅·沃朗,科沃斯·莱斯特兰奇二世,大伯
萨洛梅·沃朗,科沃斯·莱斯特兰奇四世,外孙
萨洛梅·沃朗,莱奥妮·莱斯特兰奇,女儿
萨洛梅·沃朗,莱斯特兰奇家族,从属
萨洛梅·沃朗,赫洛伊丝·博福特,婆婆
葛姆蕾·冈特,伊索特·塞耶,外甥女
葛姆蕾·冈特,冈特家族,从属
葛姆蕾·冈特,卡德摩斯·佩弗利尔,祖先
葛姆蕾·冈特,威廉·塞耶,妹夫
葛姆蕾·冈特,斯莱特林家族,从属
葛姆蕾·冈特,萨拉查·斯莱特林,祖先
葛姆蕾·冈特,雷欧娜·塞耶,妹妹
蒂娜·戈德斯坦,伊尔弗莫尼魔法学校,从属
蒂娜·戈德斯坦,傲罗,职业
蒂娜·戈德斯坦,卢娜·洛夫古德,孙媳婦
蒂娜·戈德斯坦,奎妮·戈德斯坦,妹妹
蒂娜·戈德斯坦,戈德斯坦先生,父亲
蒂娜·戈德斯坦,戈德斯坦夫人,母亲
蒂娜·戈德斯坦,戈德斯坦家族,从属
蒂娜·戈德斯坦,斯卡曼德夫人,婆婆
蒂娜·戈德斯坦,斯卡曼德家族,从属
蒂娜·戈德斯坦,洛肯·斯卡曼德,曾孙
蒂娜·戈德斯坦,纽特·斯卡曼德,丈夫
蒂娜·戈德斯坦,罗夫·斯卡曼德,孙子
蒂娜·戈德斯坦,美国魔法国会,从属
蒂娜·戈德斯坦,联邦魔杖许可签发官,职业
蒂娜·戈德斯坦,莱桑德·斯卡曼德,曾孙
蒂娜·戈德斯坦,雷鸟,从属
蒙太,斯莱特林学院,从属
蒙太,斯莱特林魁地奇球队,从属
蒙太,蒙太家庭,从属
蒙太,调查行动组,从属
蒙太,霍格沃茨魔法学校,从属
西尔瓦努斯·凯特尔伯恩,凯特尔伯恩先生,父亲
西尔瓦努斯·凯特尔伯恩,凯特尔伯恩夫人,母亲
西尔瓦努斯·凯特尔伯恩,凯特尔伯恩家庭,从属
西尔瓦努斯·凯特尔伯恩,赫奇帕奇学院,从属
西尔瓦努斯·凯特尔伯恩,霍格沃茨魔法学校,从属
西弗勒斯·斯内普,凤凰社,从属
西弗勒斯·斯内普,哈利·波特,师生
西弗勒斯·斯内普,德拉科·马尔福,师生
西弗勒斯·斯内普,托比亚·斯内普,父亲
西弗勒斯·斯内普,斯内普家庭,从属
西弗勒斯·斯内普,斯莱特林,从属
西弗勒斯·斯内普,普林斯家庭,从属
西弗勒斯·斯内普,珀西·韦斯莱,师生
西弗勒斯·斯内普,米勒娃·麦格,合作
西弗勒斯·斯内普,纳威·隆巴顿,师生
西弗勒斯·斯内普,罗恩·韦斯莱,师生
西弗勒斯·斯内普,艾琳·普林斯,母亲
西弗勒斯·斯内普,莉莉·伊万斯,从属
西弗勒斯·斯内普,莱姆斯·卢平,同门
西弗勒斯·斯内普,詹姆·波特,同门
西弗勒斯·斯内普,赫敏·格兰杰,师生
西弗勒斯·斯内普,阿不思·邓布利多,从属
西弗勒斯·斯内普,阿拉斯托·穆迪,合作
西弗勒斯·斯内普,霍格沃茨校长,职业
西弗勒斯·斯内普,霍格沃茨魔法学校,从属
西弗勒斯·斯内普,霍格沃茨魔药课教师,职业
西弗勒斯·斯内普,霍格沃茨黑魔法防御术教授,职业
西弗勒斯·斯内普,食死徒,从属
西弗勒斯·斯内普,鲁弗斯·斯克林杰,合作
西格纳斯·布莱克三世,伊尔玛·克拉布,母亲
西格纳斯·布莱克三世,卢修斯·马尔福,女婿
西格纳斯·布莱克三世,奥赖恩·布莱克,表哥
西格纳斯·布莱克三世,安多米达·唐克斯,女儿
西格纳斯·布莱克三世,小天狼星·布莱克,外甥
西格纳斯·布莱克三世,尼法朵拉·唐克斯,外孙女
西格纳斯·布莱克三世,布莱克家族,从属
西格纳斯·布莱克三世,帕勒克斯·布莱克,父亲
西格纳斯·布莱克三世,德拉科·马尔福,外孙
西格纳斯·布莱克三世,德鲁埃拉·罗齐尔,妻子
西格纳斯·布莱克三世,沃尔布加·布莱克,姐姐
西格纳斯·布莱克三世,泰德·唐克斯,女婿
西格纳斯·布莱克三世,纳西莎·马尔福,女儿
西格纳斯·布莱克三世,维奥莱塔·伯斯德,祖母
西格纳斯·布莱克三世,罗道夫斯·莱斯特兰奇,女婿
西格纳斯·布莱克三世,西格纳斯·布莱克,祖父
西格纳斯·布莱克三世,贝拉特里克斯·莱斯特兰奇,女儿
西格纳斯·布莱克三世,阿尔法德·布莱克,哥哥
西格纳斯·布莱克三世,雷古勒斯·布莱克,外甥
西格纳斯·布莱克三世,霍格沃茨魔法学校,从属
西格纳斯·布莱克二世,乌尔苏拉·弗林特,母亲
西格纳斯·布莱克二世,伯斯德家族,亲家
西格纳斯·布莱克二世,卡西欧佩娅·布莱克,女儿
西格纳斯·布莱克二世,多瑞娅·布莱克,女儿
西格纳斯·布莱克二世,天狼星·布莱克二世,哥哥
西格纳斯·布莱克二世,布莱克家族,父系家族
西格纳斯·布莱克二世,帕勒克斯·布莱克,儿子
西格纳斯·布莱克二世,弗林特家族,母系家族
西格纳斯·布莱克二世,沃尔布加·布莱克,孙女
西格纳斯·布莱克二世,维奥莱塔·伯斯德,妻子
西格纳斯·布莱克二世,菲尼亚斯·奈杰勒斯·布莱克,父亲
西格纳斯·布莱克二世,菲尼亚斯·布莱克,哥哥
西格纳斯·布莱克二世,西格纳斯·布莱克三世,孙子
西格纳斯·布莱克二世,贝尔维娜·布莱克,姐姐
西格纳斯·布莱克二世,阿克图勒斯·布莱克二世,哥哥
西格纳斯·布莱克二世,阿尔法德·布莱克,孙子
西格纳斯·布莱克二世,马里厄斯·布莱克,儿子
西比尔·特里劳尼,凤凰社,从属
西比尔·特里劳尼,卡桑德拉·特里劳尼,高祖母
西比尔·特里劳尼,希格尔博特姆,前夫
西比尔·特里劳尼,拉文克劳学院,从属
西比尔·特里劳尼,特里劳尼先生,父亲
西比尔·特里劳尼,特里劳尼夫人,母亲
西比尔·特里劳尼,特里劳尼家族,从属
西比尔·特里劳尼,邓布利多军,从属
西比尔·特里劳尼,阿不思·邓布利多,合作
西比尔·特里劳尼,霍格沃茨魔法学校,从属
西比尔·特里劳尼,鼻涕虫俱乐部,从属
西莫·斐尼甘,哈利·波特,同门
西莫·斐尼甘,斐尼甘先生,父亲
西莫·斐尼甘,斐尼甘夫人,母亲
西莫·斐尼甘,斐尼甘家庭,从属
西莫·斐尼甘,爱尔兰,从属
西莫·斐尼甘,罗恩·韦斯莱,同门
西莫·斐尼甘,菲戈,母系表哥
西莫·斐尼甘,西弗勒斯·斯内普,学生
西莫·斐尼甘,邓布利多军,从属
西莫·斐尼甘,霍格沃茨魔法学校,从属
西莫·斐尼甘的父亲,斐尼甘夫人,妻子
西莫·斐尼甘的父亲,菲戈,侄子
西莫·斐尼甘的父亲,西莫·斐尼甘,儿子
西里尔·莱斯特兰奇一世,巴尔比内·勒鲁瓦,儿媳
西里尔·莱斯特兰奇一世,普西内·勒鲁瓦,儿媳
西里尔·莱斯特兰奇一世,科沃斯·莱斯特兰奇一世,弟弟
西里尔·莱斯特兰奇一世,菲尔克朗·莱斯特兰奇,儿子
西里尔·莱斯特兰奇一世,菲尔克朗·莱斯特兰奇,孙子
西里尔·莱斯特兰奇一世,西里尔·莱斯特兰奇三世,孙子
西里尔·莱斯特兰奇一世,西里尔·莱斯特兰奇二世,儿子
西里尔·莱斯特兰奇一世,达雷纳·莫罗,妻子
詹姆·小天狼星·波特,亚瑟·韦斯莱,外公
詹姆·小天狼星·波特,伊格诺图斯·佩弗利尔,父系祖先
詹姆·小天狼星·波特,佩弗利尔家族,从属
詹姆·小天狼星·波特,哈利·波特,父亲
詹姆·小天狼星·波特,普威特家族,从属
詹姆·小天狼星·波特,波特家族,从属
詹姆·小天狼星·波特,罗丝·韦斯莱,表妹
詹姆·小天狼星·波特,罗恩·韦斯莱,舅舅
詹姆·小天狼星·波特,莉莉·卢娜·波特,妹妹
詹姆·小天狼星·波特,莉莉·波特,奶奶
詹姆·小天狼星·波特,莫莉·韦斯莱,外婆
詹姆·小天狼星·波特,詹姆·波特一世,爷爷
詹姆·小天狼星·波特,赫敏·韦斯莱,舅母
詹姆·小天狼星·波特,金妮·韦斯莱,母亲
詹姆·小天狼星·波特,阿不思·西弗勒斯·波特,弟弟
詹姆·小天狼星·波特,雨果·韦斯莱,表弟
詹姆·小天狼星·波特,霍格沃茨魔法学校,从属
詹姆·小天狼星·波特,韦斯莱家族,从属
詹姆·斯图尔特,伊尔弗莫尼魔法学校校长及创办者,职业
詹姆·斯图尔特,伊索特·塞耶,妻子
詹姆·斯图尔特,查威克·布特,养子
詹姆·斯图尔特,玛莎·斯图尔特,母亲
詹姆·斯图尔特,玛莎·斯图尔特二世,女儿
詹姆·斯图尔特,石匠,职业
詹姆·斯图尔特,雷欧娜·斯图尔特,女儿
詹姆·斯图尔特,韦伯·布特,养子
詹姆·波特,伊万斯先生,岳父
詹姆·波特,伊万斯夫人,岳母
詹姆·波特,伊万斯家庭,从属
詹姆·波特,佩妮·德思礼,大姨
詹姆·波特,凤凰社,从属
詹姆·波特,劫盗者,从属
詹姆·波特,哈利·波特,儿子
詹姆·波特,弗农·德思礼,襟兄
詹姆·波特,格兰芬多,从属
詹姆·波特,格兰芬多魁地奇球队,从属
詹姆·波特,波特家族,从属
詹姆·波特,莉莉·伊万斯,妻子
詹姆·波特,莉莉·卢娜·波特,孙女
詹姆·波特,詹姆·小天狼星·波特,孙子
詹姆·波特,达力·德思礼,姨甥
詹姆·波特,金妮·韦斯莱,儿媳
詹姆·波特,阿不思·西弗勒斯·波特,孙子
詹姆·波特,霍格沃茨魔法学校,从属
詹姆·波特一世,伊万斯先生,岳父
詹姆·波特一世,伊万斯夫人,岳母
詹姆·波特一世,伊万斯家庭,从属
詹姆·波特一世,佩妮·德思礼,大姨
詹姆·波特一世,凤凰社,从属
詹姆·波特一世,劫盗者,从属
詹姆·波特一世,哈利·波特,儿子
詹姆·波特一世,弗农·德思礼,襟兄
詹姆·波特一世,格兰芬多,从属
詹姆·波特一世,格兰芬多魁地奇球队,从属
詹姆·波特一世,波特家族,从属
詹姆·波特一世,莉莉·伊万斯,妻子
詹姆·波特一世,莉莉·卢娜·波特,孙女
詹姆·波特一世,詹姆·小天狼星·波特,孙子
詹姆·波特一世,达力·德思礼,姨甥
詹姆·波特一世,金妮·韦斯莱,儿媳
詹姆·波特一世,阿不思·西弗勒斯·波特,孙子
詹姆·波特一世,霍格沃茨魔法学校,从属
诺比·利奇,英国魔法部,从属
贝尔维娜·布莱克,乌尔苏拉·弗林特,母亲
贝尔维娜·布莱克,博克家族,从属
贝尔维娜·布莱克,埃拉朵拉·布莱克,阿姨
贝尔维娜·布莱克,天狼星·布莱克一世,叔叔
贝尔维娜·布莱克,天狼星·布莱克二世,哥哥
贝尔维娜·布莱克,布莱克家族,从属
贝尔维娜·布莱克,约拉·布莱克,阿姨
贝尔维娜·布莱克,菲尼亚斯·奈杰勒斯·布莱克,父亲
贝尔维娜·布莱克,菲尼亚斯·布莱克,哥哥
贝尔维娜·布莱克,西格纳斯·布莱克二世,哥哥
贝尔维娜·布莱克,赫伯特·博克,丈夫
贝尔维娜·布莱克,阿克图勒斯·布莱克二世,弟弟
贝希尔德·罗氏,美国魔法国会,从属
贝拉特里克斯·莱斯特兰奇,伊尔玛·克拉布,祖母
贝拉特里克斯·莱斯特兰奇,伏地魔,从属
贝拉特里克斯·莱斯特兰奇,卢修斯·马尔福,妹夫
贝拉特里克斯·莱斯特兰奇,安多米达·唐克斯,妹妹
贝拉特里克斯·莱斯特兰奇,小天狼星·布莱克,表弟
贝拉特里克斯·莱斯特兰奇,尼法朵拉·唐克斯,外甥女
贝拉特里克斯·莱斯特兰奇,布莱克家族,从属
贝拉特里克斯·莱斯特兰奇,布莱克家族,母氏家族
贝拉特里克斯·莱斯特兰奇,帕勒克斯·布莱克,祖父
贝拉特里克斯·莱斯特兰奇,德拉科·马尔福,外甥
贝拉特里克斯·莱斯特兰奇,德鲁埃拉·罗齐尔,母亲
贝拉特里克斯·莱斯特兰奇,拉巴斯坦·莱斯特兰奇,小叔
贝拉特里克斯·莱斯特兰奇,斯莱特林,从属
贝拉特里克斯·莱斯特兰奇,泰德·唐克斯,妹夫
贝拉特里克斯·莱斯特兰奇,纳西莎·马尔福,妹妹
贝拉特里克斯·莱斯特兰奇,罗道夫斯·莱斯特兰奇,丈夫
贝拉特里克斯·莱斯特兰奇,罗齐尔家族,从属
贝拉特里克斯·莱斯特兰奇,罗齐尔家族,母氏家族
贝拉特里克斯·莱斯特兰奇,莱斯特兰奇家族,亲家
贝拉特里克斯·莱斯特兰奇,莱斯特兰奇家族,从属
贝拉特里克斯·莱斯特兰奇,西格纳斯·布莱克三世,父亲
贝拉特里克斯·莱斯特兰奇,雷古勒斯·布莱克,表弟
贝拉特里克斯·莱斯特兰奇,霍格沃茨魔法学校,从属
贝拉特里克斯·莱斯特兰奇,食死徒,从属
费比安·普威特,亚瑟·韦斯莱,妹夫
费比安·普威特,伊格内修斯·普威特,叔叔
费比安·普威特,凤凰社,从属
费比安·普威特,卢克丽霞·布莱克,阿姨
费比安·普威特,吉迪翁·普威特,哥哥
费比安·普威特,普威特先生,父亲
费比安·普威特,普威特夫人,母亲
费比安·普威特,普威特家族,从属
费比安·普威特,比利尔斯,可能是兄弟
费比安·普威特,穆丽尔,姨妈
费比安·普威特,莫丽·韦斯莱,妹妹
贾斯廷·芬列里,芬列里家族,从属
贾斯廷·芬列里,赫奇帕奇,从属
贾斯廷·芬列里,邓布利多军,从属
贾斯廷·芬列里,霍格沃茨魔法学校,从属
贾斯廷·芬列里的母亲,芬列里家族,从属
赫伯特·博克,乌尔苏拉·弗林特,岳母
赫伯特·博克,博克家族,从属
赫伯特·博克,布莱克家族,从属
赫伯特·博克,菲尼亚斯·奈杰勒斯·布莱克,岳父
赫伯特·博克,贝尔维娜·布莱克,妻子
赫尔加·赫奇帕奇,赫奇帕奇,从属
赫尔加·赫奇帕奇,赫奇帕奇家族,从属
赫尔加·赫奇帕奇,赫普兹巴·史密斯,后裔
赫尔加·赫奇帕奇,霍格沃茨创办者,职业
赫尔加·赫奇帕奇,霍格沃茨教授,职业
赫尔加·赫奇帕奇,霍格沃茨魔法学校,从属
赫尔穆特·魏斯,美国魔法国会,从属
赫敏·格兰杰,乔治·韦斯莱,哥哥
赫敏·格兰杰,亚瑟·韦斯莱,公公
赫敏·格兰杰,凤凰社,从属
赫敏·格兰杰,哈利·波特,从属
赫敏·格兰杰,哈利·波特,妹夫
赫敏·格兰杰,塞德里克·迪戈里,同门
赫敏·格兰杰,多米尼克·韦斯莱,外甥女
赫敏·格兰杰,奥黛丽·韦斯莱,嫂子
赫敏·格兰杰,安吉利娜·约翰逊,嫂子
赫敏·格兰杰,家养小精灵权益促进会,从属
赫敏·格兰杰,弗雷德·韦斯莱,哥哥
赫敏·格兰杰,弗雷德·韦斯莱,外甥
赫敏·格兰杰,德拉科·马尔福,同门
赫敏·格兰杰,查理·韦斯莱,哥哥
赫敏·格兰杰,格兰杰先生,父亲
赫敏·格兰杰,格兰杰夫人,母亲
赫敏·格兰杰,格兰杰家庭,从属
赫敏·格兰杰,比尔·韦斯莱,哥哥
赫敏·格兰杰,珀西·韦斯莱,哥哥
赫敏·格兰杰,秋·张,同门
赫敏·格兰杰,纳威·隆巴顿,同门
赫敏·格兰杰,维克托娃·韦斯莱,外甥女
赫敏·格兰杰,罗丝·韦斯莱,女儿
赫敏·格兰杰,罗克珊·韦斯莱,外甥女
赫敏·格兰杰,罗恩·韦斯莱,丈夫
赫敏·格兰杰,芙蓉·德拉库尔,嫂子
赫敏·格兰杰,莉莉·波特,侄女
赫敏·格兰杰,莫丽·韦斯莱,外甥女
赫敏·格兰杰,莫丽·韦斯莱,婆婆
赫敏·格兰杰,詹姆·小天狼星·波特,侄子
赫敏·格兰杰,赫托克·达格沃斯-格兰杰,可能为远亲
赫敏·格兰杰,路易·韦斯莱,外甥
赫敏·格兰杰,邓布利多军,从属
赫敏·格兰杰,金妮·韦斯莱,小姑
赫敏·格兰杰,阿不思·波特,侄子
赫敏·格兰杰,阿不思·邓布利多,学生
赫敏·格兰杰,雨果·韦斯莱,儿子
赫敏·格兰杰,霍格沃茨,从属
赫敏·格兰杰,露西·韦斯莱,外甥女
赫敏·格兰杰,韦斯莱家族,从属
赫敏·格兰杰,魔法法律执行司,从属
赫敏·格兰杰,魔法法律执行司副司长,职业
赫敏·格兰杰,魔法生物管理控制司,从属
赫敏·格兰杰,魔法生物管理控制司,职业
赫敏·格兰杰,魔法部,从属
赫敏·格兰杰,鲁伯·海格,学生
赫敏·格兰杰,鼻涕虫俱乐部,从属
赫敏·韦斯莱,乔治·韦斯莱,哥哥
赫敏·韦斯莱,亚瑟·韦斯莱,公公
赫敏·韦斯莱,凤凰社,从属
赫敏·韦斯莱,哈利·波特,从属
赫敏·韦斯莱,哈利·波特,妹夫
赫敏·韦斯莱,多米尼克·韦斯莱,外甥女
赫敏·韦斯莱,奥黛丽·韦斯莱,嫂子
赫敏·韦斯莱,安吉利娜·约翰逊,嫂子
赫敏·韦斯莱,家养小精灵权益促进会,从属
赫敏·韦斯莱,弗雷德·韦斯莱,哥哥
赫敏·韦斯莱,弗雷德·韦斯莱,外甥
赫敏·韦斯莱,查理·韦斯莱,哥哥
赫敏·韦斯莱,格兰杰先生,父亲
赫敏·韦斯莱,格兰杰夫人,母亲
赫敏·韦斯莱,格兰杰家庭,从属
赫敏·韦斯莱,比尔·韦斯莱,哥哥
赫敏·韦斯莱,珀西·韦斯莱,哥哥
赫敏·韦斯莱,维克托娃·韦斯莱,外甥女
赫敏·韦斯莱,罗丝·韦斯莱,女儿
赫敏·韦斯莱,罗克珊·韦斯莱,外甥女
赫敏·韦斯莱,罗恩·韦斯莱,丈夫
赫敏·韦斯莱,芙蓉·德拉库尔,嫂子
赫敏·韦斯莱,莉莉·波特,侄女
赫敏·韦斯莱,莫丽·韦斯莱,外甥女
赫敏·韦斯莱,莫丽·韦斯莱,婆婆
赫敏·韦斯莱,詹姆·小天狼星·波特,侄子
赫敏·韦斯莱,赫托克·达格沃斯-格兰杰,可能为远亲
赫敏·韦斯莱,路易·韦斯莱,外甥
赫敏·韦斯莱,邓布利多军,从属
赫敏·韦斯莱,金妮·韦斯莱,小姑
赫敏·韦斯莱,阿不思·波特,侄子
赫敏·韦斯莱,雨果·韦斯莱,儿子
赫敏·韦斯莱,霍格沃茨,从属
赫敏·韦斯莱,露西·韦斯莱,外甥女
赫敏·韦斯莱,韦斯莱家族,从属
赫敏·韦斯莱,魔法法律执行司,从属
赫敏·韦斯莱,魔法法律执行司副司长,职业
赫敏·韦斯莱,魔法生物管理控制司,从属
赫敏·韦斯莱,魔法生物管理控制司,职业
赫敏·韦斯莱,魔法部,从属
赫敏·韦斯莱,鼻涕虫俱乐部,从属
赫斯菲斯托斯·戈尔,傲罗,职业
赫斯菲斯托斯·戈尔,傲罗办公室,从属
赫斯菲斯托斯·戈尔,英国魔法部,从属
赫斯菲斯托斯·戈尔,英国魔法部部长,职业
赫普兹巴·史密斯,博金-博克,从属
赫普兹巴·史密斯,史密斯家族,从属
赫普兹巴·史密斯,汤姆·马沃罗·里德尔,从属
赫普兹巴·史密斯,赫奇帕奇家族,从属
赫普兹巴·史密斯,赫尔加·赫奇帕奇,祖先
赫洛伊丝·博福特,博福特家族,从属
赫洛伊丝·博福特,埃格朗蒂纳·莱斯特兰奇,孙女
赫洛伊丝·博福特,法尔科·莱斯特兰奇,儿子
赫洛伊丝·博福特,玛农·莱斯特兰奇,孙女
赫洛伊丝·博福特,科沃斯·莱斯特兰奇,丈夫
赫洛伊丝·博福特,科沃斯·莱斯特兰奇,儿子
赫洛伊丝·博福特,科沃斯·莱斯特兰奇,孙子
赫洛伊丝·博福特,米内特·罗齐尔,儿媳
赫洛伊丝·博福特,若塞特·莱斯特兰奇,孙女
赫洛伊丝·博福特,莱奥妮·莱斯特兰奇,孙女
赫洛伊丝·博福特,莱斯特兰奇家族,从属
赫洛伊丝·博福特,萨洛梅·沃朗,儿媳
赫洛伊丝·博福特,西里尔·莱斯特兰奇,大伯
赫洛伊丝·博福特,达雷纳·莫罗,大婶
路威,霍格沃茨魔法学校,从属
路威,鲁伯·海格,从属
路易·盖奇,于盖特·佩罗,姨表姐妹
路易·盖奇,克拉里斯·特朗布莱,远房表兄弟
路易·盖奇,奥迪勒·佩罗,姨表姐妹
路易·盖奇,法尔科·特朗布莱,远房表兄弟
路易·盖奇,洛雷勒·佩罗,姨表姐妹
路易·盖奇,盖奇家族,从属
路易·盖奇,科沃斯·莱斯特兰奇二世,外祖父
路易·盖奇,科沃斯·莱斯特兰奇四世,姨表兄弟
路易·盖奇,米内特·罗齐尔,外祖母
路易·盖奇,若塞特·莱斯特兰奇,母亲
路易·盖奇,莱斯特兰奇家族,从属
路易·盖奇,雷纳尔·盖奇,父亲
路易·盖奇,马蒂斯·盖奇,弟弟
路易·韦斯莱,乔治·韦斯莱,叔叔
路易·韦斯莱,亚瑟·韦斯莱,祖父
路易·韦斯莱,加布丽·德拉库尔,小姨
路易·韦斯莱,哈利·波特,姑父
路易·韦斯莱,多米尼克·韦斯莱,姐姐
路易·韦斯莱,奥黛丽·韦斯莱,阿姨
路易·韦斯莱,安吉利娜·约翰逊,阿姨
路易·韦斯莱,弗雷德·韦斯莱,叔叔
路易·韦斯莱,弗雷德·韦斯莱二世,表兄弟
路易·韦斯莱,德拉库尔先生,外祖父
路易·韦斯莱,德拉库尔家族,从属
路易·韦斯莱,普威特家族,从属
路易·韦斯莱,查理·韦斯莱,叔叔
路易·韦斯莱,比尔·韦斯莱,父亲
路易·韦斯莱,珀西·韦斯莱,叔叔
路易·韦斯莱,维克托娃·韦斯莱,姐姐
路易·韦斯莱,罗丝·韦斯莱,表姐妹
路易·韦斯莱,罗克珊·韦斯莱,表姐妹
路易·韦斯莱,罗恩·韦斯莱,叔叔
路易·韦斯莱,芙蓉·德拉库尔,母亲
路易·韦斯莱,莉莉·卢娜·波特,表姐妹
路易·韦斯莱,莫丽·韦斯莱,祖母
路易·韦斯莱,莫丽·韦斯莱二世,表姐妹
路易·韦斯莱,詹姆·小天狼星·波特,表兄弟
路易·韦斯莱,赫敏·格兰杰,阿姨
路易·韦斯莱,金妮·波特,小姑
路易·韦斯莱,阿不思·西弗勒斯·波特,表兄弟
路易·韦斯莱,阿波琳·德拉库尔,外祖母
路易·韦斯莱,雨果·韦斯莱,表兄弟
路易·韦斯莱,露西·韦斯莱,表姐妹
路易·韦斯莱,韦斯莱家族,从属
路易斯·韦斯莱,乔治·韦斯莱,叔叔
路易斯·韦斯莱,亚瑟·韦斯莱,祖父
路易斯·韦斯莱,加布丽·德拉库尔,小姨
路易斯·韦斯莱,哈利·波特,姑父
路易斯·韦斯莱,多米尼克·韦斯莱,姐姐
路易斯·韦斯莱,奥黛丽·韦斯莱,阿姨
路易斯·韦斯莱,安吉利娜·约翰逊,阿姨
路易斯·韦斯莱,弗雷德·韦斯莱,叔叔
路易斯·韦斯莱,弗雷德·韦斯莱二世,表兄弟
路易斯·韦斯莱,德拉库尔先生,外祖父
路易斯·韦斯莱,德拉库尔家族,从属
路易斯·韦斯莱,普威特家族,从属
路易斯·韦斯莱,查理·韦斯莱,叔叔
路易斯·韦斯莱,比尔·韦斯莱,父亲
路易斯·韦斯莱,珀西·韦斯莱,叔叔
路易斯·韦斯莱,维克托娃·韦斯莱,姐姐
路易斯·韦斯莱,罗丝·韦斯莱,表姐妹
路易斯·韦斯莱,罗克珊·韦斯莱,表姐妹
路易斯·韦斯莱,罗恩·韦斯莱,叔叔
路易斯·韦斯莱,芙蓉·德拉库尔,母亲
路易斯·韦斯莱,莉莉·卢娜·波特,表姐妹
路易斯·韦斯莱,莫丽·韦斯莱,祖母
路易斯·韦斯莱,莫丽·韦斯莱二世,表姐妹
路易斯·韦斯莱,詹姆·小天狼星·波特,表兄弟
路易斯·韦斯莱,赫敏·格兰杰,阿姨
路易斯·韦斯莱,金妮·波特,小姑
路易斯·韦斯莱,阿不思·西弗勒斯·波特,表兄弟
路易斯·韦斯莱,阿波琳·德拉库尔,外祖母
路易斯·韦斯莱,雨果·韦斯莱,表兄弟
路易斯·韦斯莱,露西·韦斯莱,表姐妹
路易斯·韦斯莱,韦斯莱家族,从属
达力·德思礼,他的同伙,从属
达力·德思礼,伊万斯先生,外祖父
达力·德思礼,伊万斯夫人,外祖母
达力·德思礼,佩妮·德思礼,母亲
达力·德思礼,哈利·波特,表弟
达力·德思礼,弗农·德思礼,父亲
达力·德思礼,德思礼先生,祖父
达力·德思礼,德思礼夫人,妻子
达力·德思礼,德思礼夫人,祖母
达力·德思礼,德思礼家庭,从属
达力·德思礼,斯梅廷中学,从属
达力·德思礼,玛姬·德思礼,姑妈
达力·德思礼,莉莉·卢娜·波特,表外甥女
达力·德思礼,莉莉·波特,姨妈
达力·德思礼,詹姆·小天狼星·波特,表外甥
达力·德思礼,詹姆·波特,姨父
达力·德思礼,达力·德思礼的孩子,孩子
达力·德思礼,金妮·波特,表弟媳
达力·德思礼,阿不思·西弗勒斯·波特,表外甥
达芙妮·格林格拉斯,德拉科·马尔福,妹夫
达芙妮·格林格拉斯,斯科皮·马尔福,侄子
达芙妮·格林格拉斯,斯莱特林,从属
达芙妮·格林格拉斯,格林格拉斯家族,从属
达芙妮·格林格拉斯,阿斯托里亚·格林格拉斯,妹妹
达芙妮·格林格拉斯,霍格沃茨魔法学校,从属
达雷纳·莫罗,巴尔比内·勒鲁瓦,儿媳
达雷纳·莫罗,普西内·勒鲁瓦,儿媳
达雷纳·莫罗,莫罗家族,从属
达雷纳·莫罗,莱斯特兰奇家族,从属
达雷纳·莫罗,菲尔克朗·莱斯特兰奇一世,儿子
达雷纳·莫罗,菲尔克朗·莱斯特兰奇二世,孙子
达雷纳·莫罗,西里尔·莱斯特兰奇一世,丈夫
达雷纳·莫罗,西里尔·莱斯特兰奇三世,孙子
达雷纳·莫罗,西里尔·莱斯特兰奇二世,儿子
金妮·波特,《预言家日报》,从属
金妮·波特,《预言家日报》魁地奇资深记者,职业
金妮·波特,乔治·韦斯莱,哥哥
金妮·波特,亚瑟·韦斯莱,父亲
金妮·波特,凤凰社,从属
金妮·波特,吉迪翁·普威特,舅舅
金妮·波特,哈利·波特,丈夫
金妮·波特,塞德瑞拉·布莱克,祖母
金妮·波特,塞普蒂默斯·韦斯莱,祖父
金妮·波特,多米尼克·韦斯莱,侄女
金妮·波特,奥黛丽·韦斯莱,嫂子
金妮·波特,安吉利娜·约翰逊,嫂子
金妮·波特,弗雷德·韦斯莱,哥哥
金妮·波特,弗雷德·韦斯莱二世,侄子
金妮·波特,普威特先生,外祖父
金妮·波特,普威特夫人,外祖母
金妮·波特,普威特家庭,从属
金妮·波特,查理·韦斯莱,哥哥
金妮·波特,格兰芬多,从属
金妮·波特,格兰芬多魁地奇球队,从属
金妮·波特,比利尔斯,叔叔
金妮·波特,比尔·韦斯莱,哥哥
金妮·波特,波特家族,从属
金妮·波特,珀西·韦斯莱,哥哥
金妮·波特,维克托娃·韦斯莱,侄女
金妮·波特,罗丝·韦斯莱,侄女
金妮·波特,罗克珊·韦斯莱,侄女
金妮·波特,罗恩·韦斯莱,哥哥
金妮·波特,芙蓉·德拉库尔,嫂子
金妮·波特,莉莉·卢娜·波特,女儿
金妮·波特,莉莉·波特,婆婆
金妮·波特,莫丽·韦斯莱,母亲
金妮·波特,莫丽·韦斯莱二世,侄女
金妮·波特,詹姆·小天狼星·波特,儿子
金妮·波特,詹姆·波特,公公
金妮·波特,费比安·普威特,舅舅
金妮·波特,赫敏·格兰杰,嫂子
金妮·波特,路易·韦斯莱,侄子
金妮·波特,邓布利多军,从属
金妮·波特,阿不思·西弗勒斯·波特,儿子
金妮·波特,雨果·韦斯莱,侄子
金妮·波特,霍利黑德哈比队,从属
金妮·波特,霍利黑德哈比队魁地奇球员,职业
金妮·波特,霍格沃茨魔法学校,从属
金妮·波特,露西·韦斯莱,侄女
金妮·波特,韦斯莱家族,从属
金妮·波特,鼻涕虫俱乐部,从属
金妮·韦斯莱,《预言家日报》,从属
金妮·韦斯莱,《预言家日报》魁地奇资深记者,职业
金妮·韦斯莱,乔治·韦斯莱,哥哥
金妮·韦斯莱,亚瑟·韦斯莱,父亲
金妮·韦斯莱,凤凰社,从属
金妮·韦斯莱,吉迪翁·普威特,舅舅
金妮·韦斯莱,哈利·波特,丈夫
金妮·韦斯莱,塞德瑞拉·布莱克,祖母
金妮·韦斯莱,塞普蒂默斯·韦斯莱,祖父
金妮·韦斯莱,多米尼克·韦斯莱,侄女
金妮·韦斯莱,奥黛丽·韦斯莱,嫂子
金妮·韦斯莱,安吉利娜·约翰逊,嫂子
金妮·韦斯莱,弗雷德·韦斯莱,哥哥
金妮·韦斯莱,弗雷德·韦斯莱二世,侄子
金妮·韦斯莱,德拉科·马尔福,同门
金妮·韦斯莱,普威特先生,外祖父
金妮·韦斯莱,普威特夫人,外祖母
金妮·韦斯莱,普威特家庭,从属
金妮·韦斯莱,查理·韦斯莱,哥哥
金妮·韦斯莱,格兰芬多,从属
金妮·韦斯莱,格兰芬多魁地奇球队,从属
金妮·韦斯莱,比利尔斯,叔叔
金妮·韦斯莱,比尔·韦斯莱,哥哥
金妮·韦斯莱,波特家族,从属
金妮·韦斯莱,珀西·韦斯莱,哥哥
金妮·韦斯莱,秋·张,同门
金妮·韦斯莱,纳威·隆巴顿,同门
金妮·韦斯莱,维克托娃·韦斯莱,侄女
金妮·韦斯莱,罗丝·韦斯莱,侄女
金妮·韦斯莱,罗克珊·韦斯莱,侄女
金妮·韦斯莱,罗恩·韦斯莱,哥哥
金妮·韦斯莱,芙蓉·德拉库尔,嫂子
金妮·韦斯莱,莉莉·卢娜·波特,女儿
金妮·韦斯莱,莉莉·波特,婆婆
金妮·韦斯莱,莫丽·韦斯莱,母亲
金妮·韦斯莱,莫丽·韦斯莱二世,侄女
金妮·韦斯莱,莱姆斯·卢平,学生
金妮·韦斯莱,西弗勒斯·斯内普,学生
金妮·韦斯莱,詹姆·小天狼星·波特,儿子
金妮·韦斯莱,詹姆·波特,公公
金妮·韦斯莱,费比安·普威特,舅舅
金妮·韦斯莱,赫敏·格兰杰,嫂子
金妮·韦斯莱,路易·韦斯莱,侄子
金妮·韦斯莱,邓布利多军,从属
金妮·韦斯莱,阿不思·西弗勒斯·波特,儿子
金妮·韦斯莱,阿不思·邓布利多,学生
金妮·韦斯莱,雨果·韦斯莱,侄子
金妮·韦斯莱,霍利黑德哈比队,从属
金妮·韦斯莱,霍利黑德哈比队魁地奇球员,职业
金妮·韦斯莱,霍格沃茨魔法学校,从属
金妮·韦斯莱,露西·韦斯莱,侄女
金妮·韦斯莱,韦斯莱家族,从属
金妮·韦斯莱,鼻涕虫俱乐部,从属
阿不思·波特,乔治·韦斯莱,舅舅
阿不思·波特,亚瑟·韦斯莱,外祖父
阿不思·波特,哈利·波特,父亲
阿不思·波特,多米尼克·韦斯莱,表姐
阿不思·波特,奥黛丽·韦斯莱,舅母
阿不思·波特,安吉利娜·约翰逊,舅母
阿不思·波特,弗雷德·韦斯莱,舅舅
阿不思·波特,弗雷德·韦斯莱二世,舅舅
阿不思·波特,查理·韦斯莱,舅舅
阿不思·波特,比尔·韦斯莱,舅舅
阿不思·波特,波特家族,从属
阿不思·波特,珀西·韦斯莱,舅舅
阿不思·波特,维克托娃·韦斯莱,表姐
阿不思·波特,罗丝·韦斯莱,表姐妹
阿不思·波特,罗克珊·韦斯莱,表姐妹
阿不思·波特,罗恩·韦斯莱,舅舅
阿不思·波特,芙蓉·德拉库尔,舅母
阿不思·波特,莉莉·伊万斯,祖母
阿不思·波特,莉莉·卢娜·波特,妹妹
阿不思·波特,莫丽·韦斯莱,外祖母
阿不思·波特,莫丽·韦斯莱二世,表姐妹
阿不思·波特,詹姆·小天狼星·波特,哥哥
阿不思·波特,詹姆·波特,祖父
阿不思·波特,赫敏·格兰杰,舅母
阿不思·波特,路易·韦斯莱,表兄
阿不思·波特,金妮·波特,母亲
阿不思·波特,雨果·韦斯莱,表兄弟
阿不思·波特,霍格沃茨魔法学校,从属
阿不思·波特,露西·韦斯莱,表姐妹
阿不思·波特,韦斯莱家族,从属
阿不思·西弗勒斯·波特,乔治·韦斯莱,舅舅
阿不思·西弗勒斯·波特,亚瑟·韦斯莱,外祖父
阿不思·西弗勒斯·波特,哈利·波特,父亲
阿不思·西弗勒斯·波特,多米尼克·韦斯莱,表姐
阿不思·西弗勒斯·波特,奥黛丽·韦斯莱,舅母
阿不思·西弗勒斯·波特,安吉利娜·约翰逊,舅母
阿不思·西弗勒斯·波特,弗雷德·韦斯莱,舅舅
阿不思·西弗勒斯·波特,弗雷德·韦斯莱二世,舅舅
阿不思·西弗勒斯·波特,查理·韦斯莱,舅舅
阿不思·西弗勒斯·波特,比尔·韦斯莱,舅舅
阿不思·西弗勒斯·波特,波特家族,从属
阿不思·西弗勒斯·波特,珀西·韦斯莱,舅舅
阿不思·西弗勒斯·波特,维克托娃·韦斯莱,表姐
阿不思·西弗勒斯·波特,罗丝·韦斯莱,表姐妹
阿不思·西弗勒斯·波特,罗克珊·韦斯莱,表姐妹
阿不思·西弗勒斯·波特,罗恩·韦斯莱,舅舅
阿不思·西弗勒斯·波特,芙蓉·德拉库尔,舅母
阿不思·西弗勒斯·波特,莉莉·伊万斯,祖母
阿不思·西弗勒斯·波特,莉莉·卢娜·波特,妹妹
阿不思·西弗勒斯·波特,莫丽·韦斯莱,外祖母
阿不思·西弗勒斯·波特,莫丽·韦斯莱二世,表姐妹
阿不思·西弗勒斯·波特,詹姆·小天狼星·波特,哥哥
阿不思·西弗勒斯·波特,詹姆·波特,祖父
阿不思·西弗勒斯·波特,赫敏·格兰杰,舅母
阿不思·西弗勒斯·波特,路易·韦斯莱,表兄
阿不思·西弗勒斯·波特,金妮·波特,母亲
阿不思·西弗勒斯·波特,雨果·韦斯莱,表兄弟
阿不思·西弗勒斯·波特,霍格沃茨魔法学校,从属
阿不思·西弗勒斯·波特,露西·韦斯莱,表姐妹
阿不思·西弗勒斯·波特,韦斯莱家族,从属
阿不思·邓布利多,凤凰社,从属
阿不思·邓布利多,变形学系,从属
阿不思·邓布利多,变形学系系主任,职业
阿不思·邓布利多,哈利·波特,师生
阿不思·邓布利多,国际巫师联合会,从属
阿不思·邓布利多,坎德拉·邓布利多,母亲
阿不思·邓布利多,塞德里克·迪戈里,师生
阿不思·邓布利多,威森加摩,从属
阿不思·邓布利多,康奈利·福吉,合作
阿不思·邓布利多,弗雷德·韦斯莱,师生
阿不思·邓布利多,德拉科·马尔福,师生
阿不思·邓布利多,提贝卢斯·奥格登,合作
阿不思·邓布利多,梅林爵士团,从属
阿不思·邓布利多,珀西·韦斯莱,师生
阿不思·邓布利多,珀西瓦尔·邓布利多,父亲
阿不思·邓布利多,秋·张,师生
阿不思·邓布利多,米勒娃·麦格,合作
阿不思·邓布利多,纳威·隆巴顿,师生
阿不思·邓布利多,罗恩·韦斯莱,师生
阿不思·邓布利多,老魔杖,从属
阿不思·邓布利多,芙蓉·德拉库尔,师生
阿不思·邓布利多,英国魔法部,从属
阿不思·邓布利多,莱姆斯·卢平,合作
阿不思·邓布利多,西弗勒斯·斯内普,合作
阿不思·邓布利多,赫敏·格兰杰,师生
阿不思·邓布利多,邓布利多军,从属
阿不思·邓布利多,邓布利多家族,从属
阿不思·邓布利多,阿不福思·邓布利多,弟弟
阿不思·邓布利多,阿利安娜·邓布利多,妹妹
阿不思·邓布利多,霍格沃茨校长,职业
阿不思·邓布利多,霍格沃茨魔法学校,从属
阿不思·邓布利多,霍格沃茨黑魔法防御术教授,职业
阿不思·邓布利多,霍诺利亚,姑妈
阿不思·邓布利多,魔法法律委员会,从属
阿不思·邓布利多,鲁伯·海格,合作
阿不思·邓布利多,鲁弗斯·斯克林杰,合作
阿不福思·邓布利多,凤凰社,从属
阿不福思·邓布利多,坎德拉·邓布利多,母亲
阿不福思·邓布利多,猪头酒吧,从属
阿不福思·邓布利多,珀西瓦尔·邓布利多,父亲
阿不福思·邓布利多,邓布利多家族,从属
阿不福思·邓布利多,阿不思·邓布利多,哥哥
阿不福思·邓布利多,阿利安娜·邓布利多,妹妹
阿不福思·邓布利多,霍格沃茨魔法学校,从属
阿不福思·邓布利多,霍诺利亚,姑妈
阿克图勒斯·布莱克二世,乌尔苏拉·弗林特,母亲
阿克图勒斯·布莱克二世,亚瑟·韦斯莱,外孙
阿克图勒斯·布莱克二世,卡斯帕·克劳奇,女婿
阿克图勒斯·布莱克二世,卡莉朵拉·布莱克,女儿
阿克图勒斯·布莱克二世,哈方·隆巴顿,女婿
阿克图勒斯·布莱克二世,埃拉朵拉·布莱克,阿姨
阿克图勒斯·布莱克二世,塞德瑞拉·布莱克,女儿
阿克图勒斯·布莱克二世,塞普蒂默斯·韦斯莱,女婿
阿克图勒斯·布莱克二世,天狼星·布莱克一世,叔叔
阿克图勒斯·布莱克二世,天狼星·布莱克二世,哥哥
阿克图勒斯·布莱克二世,查莉丝·布莱克,女儿
阿克图勒斯·布莱克二世,约拉·布莱克,阿姨
阿克图勒斯·布莱克二世,莱桑德拉·亚克斯利,妻子
阿克图勒斯·布莱克二世,菲尼亚斯·奈杰勒斯·布莱克,父亲
阿克图勒斯·布莱克二世,菲尼亚斯·布莱克,哥哥
阿克图勒斯·布莱克二世,西格纳斯·布莱克二世,弟弟
阿克图勒斯·布莱克二世,贝尔维娜·布莱克,妹妹
阿切尔·埃弗蒙德,英国魔法部,从属
阿尔法德·布莱克,伊尔玛·克拉布,母亲
阿尔法德·布莱克,奥赖恩·布莱克,姐夫
阿尔法德·布莱克,安多米达·唐克斯,侄女
阿尔法德·布莱克,小天狼星·布莱克,外甥
阿尔法德·布莱克,帕勒克斯·布莱克,父亲
阿尔法德·布莱克,德鲁埃拉·罗齐尔,弟媳
阿尔法德·布莱克,沃尔布加·布莱克,姐姐
阿尔法德·布莱克,纳西莎·马尔福,侄女
阿尔法德·布莱克,西格纳斯·布莱克三世,弟弟
阿尔法德·布莱克,贝拉特里克斯·莱斯特兰奇,侄女
阿尔法德·布莱克,雷古勒斯·布莱克,外甥
阿布拉克萨斯·马尔福,卢修斯·马尔福,儿子
阿布拉克萨斯·马尔福,塞普蒂默斯·马尔福,祖先
阿布拉克萨斯·马尔福,尼古拉斯·马尔福,祖先
阿布拉克萨斯·马尔福,布鲁图斯·马尔福,祖先
阿布拉克萨斯·马尔福,德拉科·马尔福,孙子
阿布拉克萨斯·马尔福,斯科皮·马尔福,曾孙
阿布拉克萨斯·马尔福,斯莱特林,从属
阿布拉克萨斯·马尔福,纳西莎·马尔福,儿媳
阿布拉克萨斯·马尔福,阿斯托里亚·格林格拉斯,孙媳
阿布拉克萨斯·马尔福,阿曼德·马尔福,祖先
阿布拉克萨斯·马尔福,霍格沃茨魔法学校,从属
阿布拉克萨斯·马尔福,马尔福家族,从属
阿拉戈克,禁林八眼巨蛛群落,从属
阿拉戈克,莫萨格,妻子
阿拉戈克,鲁伯·海格,从属
阿拉斯托·穆迪,傲罗办公室,从属
阿拉斯托·穆迪,先遣警卫,从属
阿拉斯托·穆迪,凤凰社,从属
阿拉斯托·穆迪,霍格沃茨魔法学校,从属
阿拉斯托·穆迪,魔法部,从属
阿斯托里亚·格林格拉斯,卢修斯·马尔福,公公
阿斯托里亚·格林格拉斯,德拉科·马尔福,丈夫
阿斯托里亚·格林格拉斯,斯科皮·马尔福,儿子
阿斯托里亚·格林格拉斯,格林格拉斯家族,从属
阿斯托里亚·格林格拉斯,纳西莎·马尔福,婆婆
阿斯托里亚·格林格拉斯,达芙妮·格林格拉斯,姐姐
阿斯托里亚·格林格拉斯,马尔福家族,从属
阿格斯·费尔奇,洛丽丝夫人,从属
阿格斯·费尔奇,霍格沃茨魔法学校,从属
阿莫斯·迪戈里,塞德里克·迪戈里,儿子
阿莫斯·迪戈里,英国魔法部,从属
阿莫斯·迪戈里,迪戈里夫人,妻子
阿莫斯·迪戈里,迪戈里家族,从属
阿诺德·皮斯古德,打击手,职业
阿诺德·皮斯古德,记忆注销员,职业
雅各布·科瓦尔斯基,科瓦尔斯基先生,兄弟
雅各布·科瓦尔斯基,科瓦尔斯基烘焙坊店主,职业
雅各布·科瓦尔斯基,美国远征军士兵,职业
雅各布·科瓦尔斯基,莫顿·戴尔罐头厂工人,职业
雅各布·科瓦尔斯基的兄弟,雅各布·科瓦尔斯基,兄弟
雅各布·科瓦尔斯基的祖母,科瓦尔斯基先生,孙辈
雅各布·科瓦尔斯基的祖母,雅各布·科瓦尔斯基,孙辈
雅各布·科瓦尔斯基的祖父,科瓦尔斯基先生,孙辈
雅各布·科瓦尔斯基的祖父,雅各布·科瓦尔斯基,孙辈
雨果·韦斯莱,乔治·韦斯莱,伯父
雨果·韦斯莱,亚瑟·韦斯莱,祖父
雨果·韦斯莱,哈利·波特,姑父
雨果·韦斯莱,弗雷德·韦斯莱,伯父
雨果·韦斯莱,弗雷德·韦斯莱二世,堂兄弟
雨果·韦斯莱,普威特家族,从属
雨果·韦斯莱,格兰杰先生,外祖父
雨果·韦斯莱,格兰杰夫人,外祖母
雨果·韦斯莱,格兰杰家庭,从属
雨果·韦斯莱,波特家族,从属
雨果·韦斯莱,罗丝·韦斯莱,姐姐
雨果·韦斯莱,罗克珊·韦斯莱,堂兄弟
雨果·韦斯莱,罗恩·韦斯莱,父亲
雨果·韦斯莱,莉莉·卢娜·波特,表兄弟
雨果·韦斯莱,莫丽·韦斯莱,祖母
雨果·韦斯莱,詹姆·小天狼星·波特,表兄弟
雨果·韦斯莱,赫敏·格兰杰,母亲
雨果·韦斯莱,金妮·波特,姑姑
雨果·韦斯莱,阿不思·西弗勒斯·波特,表兄弟
雨果·韦斯莱,韦斯莱家族,从属
雷古勒斯·布莱克,伊尔玛·布莱克,原姓克拉布
雷古勒斯·布莱克,伊格内修斯·普威特,姑父
雷古勒斯·布莱克,卢克丽霞·布莱克,姑母
雷古勒斯·布莱克,奥赖恩·布莱克,父亲
雷古勒斯·布莱克,安多米达·唐克斯,原姓布莱克
雷古勒斯·布莱克,小天狼星·布莱克,哥哥
雷古勒斯·布莱克,布莱克家族,从属
雷古勒斯·布莱克,帕勒克斯·布莱克,外祖父
雷古勒斯·布莱克,德鲁埃拉·布莱克,原姓罗齐尔
雷古勒斯·布莱克,斯莱特林,从属
雷古勒斯·布莱克,斯莱特林魁地奇球队,从属
雷古勒斯·布莱克,梅拉尼娅·布莱克,原姓麦克米兰
雷古勒斯·布莱克,沃尔布加·布莱克,母亲
雷古勒斯·布莱克,纳西莎·马尔福,原姓布莱克
雷古勒斯·布莱克,菲尼亚斯·奈杰勒斯·布莱克,高祖父
雷古勒斯·布莱克,西格纳斯·布莱克,舅父
雷古勒斯·布莱克,贝拉特里克斯·莱斯特兰奇,原姓布莱克
雷古勒斯·布莱克,阿克图勒斯·布莱克三世,祖父
雷古勒斯·布莱克,阿尔法德·布莱克,舅父
雷古勒斯·布莱克,霍格沃茨魔法学校,从属
雷古勒斯·布莱克,食死徒,从属
雷古勒斯·布莱克,鼻涕虫俱乐部,从属
雷古勒斯·布莱克一世,天狼星·布莱克二世,父亲
雷古勒斯·布莱克一世,海斯帕·甘普,母亲
雷古勒斯·布莱克一世,莱克里丝·布莱克,姐姐
雷古勒斯·布莱克一世,阿克图勒斯·布莱克三世,哥哥
雷欧娜·塞耶,伊索特·塞耶,女儿
雷欧娜·塞耶,塞耶家族,从属
雷欧娜·塞耶,威廉·塞耶,丈夫
雷欧娜·塞耶,查威克·布特,养外孙
雷欧娜·塞耶,玛莎·斯图尔特,外孙女
雷欧娜·塞耶,萨拉查·斯莱特林,祖先
雷欧娜·塞耶,葛姆蕾·冈特,姐姐
雷欧娜·塞耶,詹姆·斯图尔特,女婿
雷欧娜·塞耶,雷欧娜·斯图尔特,外孙女
雷欧娜·塞耶,韦伯·布特,养外孙
雷欧娜·斯图尔特,伊尔弗莫尼魔法学校,从属
雷欧娜·斯图尔特,伊索特·塞耶,母亲
雷欧娜·斯图尔特,威廉·塞耶,外祖父
雷欧娜·斯图尔特,斯图尔特家族,从属
雷欧娜·斯图尔特,查威克·布特,被收养的哥哥
雷欧娜·斯图尔特,玛莎·斯图尔特,双胞胎姐姐
雷欧娜·斯图尔特,玛莎·斯图尔特,祖母
雷欧娜·斯图尔特,莫瑞根,祖先
雷欧娜·斯图尔特,萨拉查·斯莱特林,祖先
雷欧娜·斯图尔特,詹姆·斯图尔特,父亲
雷欧娜·斯图尔特,雷欧娜·塞耶,外祖母
雷欧娜·斯图尔特,韦伯·布特,被收养的哥哥
雷纳尔·盖奇,科沃斯·莱斯特兰奇二世,岳父
雷纳尔·盖奇,米内特·罗齐尔,岳母
雷纳尔·盖奇,若塞特·莱斯特兰奇,妻子
雷纳尔·盖奇,路易·盖奇,儿子
雷纳尔·盖奇,马蒂斯·盖奇,儿子
霍滕西亚·米里法特,英国魔法部,从属
霍诺利亚,坎德拉·邓布利多,姐妹、嫂子或弟媳
霍诺利亚,珀西瓦尔·邓布利多,兄弟、姐夫或妹夫
霍诺利亚,邓布利多家族,从属
霍诺利亚,阿不思·邓布利多,侄子或外甥
霍诺利亚,阿不福思·邓布利多,侄子或外甥
霍诺利亚,阿利安娜·邓布利多,侄女或外甥女
露西·韦斯莱,亚瑟·韦斯莱,祖父
露西·韦斯莱,奥黛丽·韦斯莱,母亲
露西·韦斯莱,珀西·韦斯莱,父亲
露西·韦斯莱,莫丽·韦斯莱,祖母
露西·韦斯莱,莫丽·韦斯莱二世,姐姐
韦伯·布特,伊尔弗莫尼魔法学校,从属
韦伯·布特,伊索特·塞耶,养母
韦伯·布特,布特先生,父亲
韦伯·布特,布特夫人,妻子
韦伯·布特,布特夫人,母亲
韦伯·布特,布特家族,从属
韦伯·布特,斯图尔特家族,从属
韦伯·布特,查威克·布特,哥哥
韦伯·布特,泰瑞·布特,可能是后裔
韦伯·布特,玛莎·斯图尔特,养妹
韦伯·布特,詹姆·斯图尔特,养父
韦伯·布特,雷欧娜·斯图尔特,养妹
韦恩·霍普金斯,赫奇帕奇学院,从属
韦恩·霍普金斯,霍格沃茨魔法学校,从属
马尔科姆·麦格,伊泽贝尔·罗斯,母亲
马尔科姆·麦格,埃尔芬斯通·埃尔科特,姐夫
马尔科姆·麦格,小罗伯特·麦格,弟弟
马尔科姆·麦格,米勒娃·麦格,姐姐
马尔科姆·麦格,罗斯先生,外祖父
马尔科姆·麦格,罗斯夫人,外祖母
马尔科姆·麦格,老罗伯特·麦格,父亲
马尔科姆·麦格,麦格先生,祖父
马尔科姆·麦格,麦格夫人,祖母
马库斯·弗林特,弗林特家族,从属
马库斯·弗林特,弗林特家族,父系或母系家族
马库斯·弗林特,斯莱特林,从属
马库斯·弗林特,斯莱特林魁地奇球队,从属
马库斯·弗林特,霍格沃茨魔法学校,从属
马沃罗·冈特,佩弗利尔家族,从属
马沃罗·冈特,冈特家族,从属
马沃罗·冈特,卡德摩斯·佩弗利尔,祖先
马沃罗·冈特,斯莱特林家族,从属
马沃罗·冈特,梅洛普·冈特,女儿
马沃罗·冈特,汤姆·马沃罗·里德尔,外孙
马沃罗·冈特,科维努斯·冈特,祖先
马沃罗·冈特,老汤姆·里德尔,女婿
马沃罗·冈特,莫芬·冈特,儿子
马沃罗·冈特,萨拉查·斯莱特林,祖先
马法尔达,斯莱特林学院,从属
马法尔达,普威特家族,从属
马法尔达,霍格沃茨魔法学校,从属
马法尔达,韦斯莱家族,从属
马法尔达·霍普柯克,英国魔法部,从属
马法尔达·霍普柯克,食死徒,从属
马法尔达的母亲,马法尔达,女儿
马琳·麦金农,凤凰社,从属
马琳·麦金农,麦金农家庭,从属
马蒂斯·盖奇,于盖特·佩罗,姨表姐妹
马蒂斯·盖奇,克拉里斯·特朗布莱,远房表兄弟
马蒂斯·盖奇,奥迪勒·佩罗,姨表姐妹
马蒂斯·盖奇,法尔科·特朗布莱,远房表兄弟
马蒂斯·盖奇,洛雷勒·佩罗,姨表姐妹
马蒂斯·盖奇,盖奇家族,从属
马蒂斯·盖奇,科沃斯·莱斯特兰奇二世,外祖父
马蒂斯·盖奇,科沃斯·莱斯特兰奇四世,姨表兄弟
马蒂斯·盖奇,米内特·罗齐尔,外祖母
马蒂斯·盖奇,若塞特·莱斯特兰奇,母亲
马蒂斯·盖奇,莱斯特兰奇家族,从属
马蒂斯·盖奇,路易·盖奇,哥哥
马蒂斯·盖奇,雷纳尔·盖奇,父亲
马里厄斯·布莱克,伊尔玛·克拉布,嫂子
马里厄斯·布莱克,卡西欧佩娅·布莱克,姐姐
马里厄斯·布莱克,多瑞娅·布莱克,妹妹
马里厄斯·布莱克,帕勒克斯·布莱克,哥哥
马里厄斯·布莱克,查勒斯·波特,妹夫
马里厄斯·布莱克,沃尔布加·布莱克,侄女
马里厄斯·布莱克,维奥莱塔·伯斯德,母亲
马里厄斯·布莱克,西格纳斯·布莱克三世,侄子
马里厄斯·布莱克,西格纳斯·布莱克二世,父亲
马里厄斯·布莱克,阿尔法德·布莱克,侄子
鲁伯·海格,凤凰社,从属
鲁伯·海格,哈利·波特,从属
鲁伯·海格,弗里德瓦法,母亲
鲁伯·海格,格兰芬多学院,从属
鲁伯·海格,格洛普,同母异父的弟弟
鲁伯·海格,格洛普的父亲,继父
鲁伯·海格,海格先生,父亲
鲁伯·海格,海格家庭,从属
鲁伯·海格,秋·张,师生
鲁伯·海格,芙蓉·德拉库尔,师生
鲁伯·海格,阿不思·邓布利多,从属
鲁伯·海格,霍格沃茨保护神奇动物课教师,职业
鲁伯·海格,霍格沃茨钥匙保管员和猎场看守,职业
鲁伯·海格,霍格沃茨魔法学校,从属
鲁弗斯·斯克林杰,傲罗办公室,从属
鲁弗斯·斯克林杰,傲罗办公室主任,职业
鲁弗斯·斯克林杰,阿不思·邓布利多,合作
鲁弗斯·斯克林杰,魔法部,从属
鲁弗斯·斯克林杰,魔法部部长,职业
鲁弗斯·福吉,康奈利·福吉,叔叔
鲁弗斯·福吉,福吉夫人,阿姨
鲁弗斯·福吉,福吉家庭,从属
鲁弗斯·福吉,魔法部,从属
鲍勃·希钦斯,埃拉朵拉·布莱克,姐姐
鲍勃·希钦斯,天狼星·布莱克一世,哥哥
鲍勃·希钦斯,约拉·布莱克,妻子
鲍勃·希钦斯,菲尼亚斯·奈杰勒斯·布莱克,哥哥
鲍曼·赖特,赖特先生,父亲
鲍曼·赖特,赖特夫人,母亲
鲍曼·赖特的父亲,赖特夫人,妻子
鲍曼·赖特的父亲,鲍曼·赖特,儿子
齐格蒙特·巴奇,作家,职业
齐格蒙特·巴奇,巴奇夫人,母亲
齐格蒙特·巴奇,药剂师,职业
